{
"type": "FeatureCollection",
"generator": "overpass-turbo",
"copyright": "The data included in this document is from www.openstreetmap.org. The data is made available under ODbL.",
"timestamp": "2025-08-05T08:30:29Z",
"name": "Línea11",
"features": [
{ "type": "Feature", "id": "relation/11064549", "properties": { "@id": "relation/11064549", "colour": "#FFE500", "from": "Eras de Renueva", "name": "11: Eras de Renueva → Polígono X", "network": "Autobuses Urbanos de León", "network:wikidata": "Q18195802", "operator": "Autobuses Urbanos de León S.A.", "public_transport:version": "2", "ref": "11", "route": "bus", "to": "Polígono X", "type": "route", "website": "http://www.alesa-alsa.com/2017/PAGINAS/LINEAS/linea11.html", "wheelchair": "yes", "wikidata": "Q5985475", "wikipedia": "es:Línea 11 (ALESA)" }, "geometry": { "type": "LineString", "coordinates": [ [ -5.561007, 42.5920586 ], [ -5.5616178, 42.5914821 ], [ -5.5617259, 42.591391 ], [ -5.5617629, 42.5914075 ], [ -5.5618222, 42.5914365 ], [ -5.5622473, 42.5916924 ], [ -5.562367, 42.5917521 ], [ -5.5626149, 42.5915191 ], [ -5.5627353, 42.5914074 ], [ -5.5627692, 42.5913746 ], [ -5.5628632, 42.5912836 ], [ -5.5628929, 42.5912564 ], [ -5.5629267, 42.5912236 ], [ -5.5631037, 42.5910426 ], [ -5.5632181, 42.5910061 ], [ -5.5633102, 42.5909768 ], [ -5.563411, 42.5909637 ], [ -5.5635175, 42.5909626 ], [ -5.5636141, 42.5909668 ], [ -5.5637485, 42.5909781 ], [ -5.5637715, 42.5909838 ], [ -5.5639388, 42.5910269 ], [ -5.5640473, 42.5911027 ], [ -5.5642984, 42.5912735 ], [ -5.5644329, 42.5913683 ], [ -5.5645181, 42.5914256 ], [ -5.5645511, 42.5914433 ], [ -5.5645799, 42.5914613 ], [ -5.5647823, 42.5915874 ], [ -5.564944, 42.5916852 ], [ -5.5652035, 42.5918268 ], [ -5.5653973, 42.5919399 ], [ -5.5654881, 42.5919726 ], [ -5.5656101, 42.5920166 ], [ -5.5656479, 42.5920297 ], [ -5.5660485, 42.5921795 ], [ -5.5662504, 42.5922522 ], [ -5.5665174, 42.5923488 ], [ -5.5665566, 42.5923636 ], [ -5.5670633, 42.5925605 ], [ -5.5676673, 42.592781 ], [ -5.5677627, 42.5928158 ], [ -5.5679626, 42.5928885 ], [ -5.567982, 42.5928956 ], [ -5.5681324, 42.5929493 ], [ -5.5683161, 42.593021 ], [ -5.5685777, 42.5931233 ], [ -5.569384, 42.593432 ], [ -5.5701742, 42.593732 ], [ -5.5702131, 42.5937468 ], [ -5.5702846, 42.5937784 ], [ -5.5703139, 42.5937914 ], [ -5.5705688, 42.5938628 ], [ -5.5706505, 42.5938765 ], [ -5.5708348, 42.5938875 ], [ -5.5709256, 42.5938901 ], [ -5.5709765, 42.59389 ], [ -5.5715813, 42.5938726 ], [ -5.5718183, 42.5938607 ], [ -5.572027, 42.5939338 ], [ -5.5721446, 42.5940343 ], [ -5.5721624, 42.5940713 ], [ -5.5721998, 42.5941494 ], [ -5.5722127, 42.5943515 ], [ -5.5721865, 42.5944422 ], [ -5.5723031, 42.594484 ], [ -5.5723602, 42.5945045 ], [ -5.572889, 42.59469 ], [ -5.5730236, 42.5947365 ], [ -5.5732643, 42.5948196 ], [ -5.5735129, 42.5949054 ], [ -5.5737604, 42.5949864 ], [ -5.5738231, 42.5950069 ], [ -5.5746709, 42.5953053 ], [ -5.5748853, 42.5953794 ], [ -5.5751418, 42.5954679 ], [ -5.5756062, 42.5956283 ], [ -5.5757919, 42.5956924 ], [ -5.5763086, 42.5958708 ], [ -5.5765622, 42.5959548 ], [ -5.577137, 42.5961473 ], [ -5.5774221, 42.5962411 ], [ -5.5775884, 42.5963128 ], [ -5.5776222, 42.5962679 ], [ -5.5776699, 42.5962305 ], [ -5.5777124, 42.5962107 ], [ -5.577839, 42.5961701 ], [ -5.5780292, 42.5961166 ], [ -5.5780771, 42.596113 ], [ -5.5781202, 42.5961135 ], [ -5.5781888, 42.5961221 ], [ -5.5782526, 42.5961428 ], [ -5.5783076, 42.5961743 ], [ -5.578349, 42.596213 ], [ -5.5783693, 42.5962378 ], [ -5.5783899, 42.5963062 ], [ -5.578387, 42.5963554 ], [ -5.5783641, 42.5964102 ], [ -5.5783396, 42.5964435 ], [ -5.5783048, 42.5964714 ], [ -5.5782896, 42.5964816 ], [ -5.5782335, 42.5965086 ], [ -5.5781705, 42.5965252 ], [ -5.5781747, 42.5966715 ], [ -5.5781766, 42.5967693 ], [ -5.5782096, 42.5968298 ], [ -5.5788469, 42.5975292 ], [ -5.5789195, 42.5976103 ], [ -5.5791289, 42.5978454 ], [ -5.579688, 42.5984619 ], [ -5.5798632, 42.5986507 ], [ -5.579937, 42.5987388 ], [ -5.5801781, 42.5989927 ], [ -5.5802952, 42.5991228 ], [ -5.5803266, 42.5991576 ], [ -5.5806199, 42.5994938 ], [ -5.5808081, 42.5997044 ], [ -5.5809926, 42.5999089 ], [ -5.5810981, 42.6000192 ], [ -5.5814315, 42.600385 ], [ -5.5816808, 42.6006623 ], [ -5.5817241, 42.6007257 ], [ -5.5817518, 42.6007859 ], [ -5.5817586, 42.6008652 ], [ -5.5817397, 42.6009372 ], [ -5.5816951, 42.6010166 ], [ -5.5816249, 42.601078 ], [ -5.5815865, 42.6011031 ], [ -5.5815356, 42.6011282 ], [ -5.5811394, 42.6012737 ], [ -5.5809388, 42.6013504 ], [ -5.5807494, 42.6014506 ], [ -5.5802227, 42.6017874 ], [ -5.5800971, 42.6018867 ], [ -5.5800287, 42.601974 ], [ -5.5799776, 42.6020687 ], [ -5.579986, 42.6021218 ], [ -5.5799783, 42.6021728 ], [ -5.5799586, 42.6022225 ], [ -5.5799235, 42.6022679 ], [ -5.5799361, 42.6023161 ], [ -5.5799259, 42.6023915 ], [ -5.5799167, 42.6024353 ], [ -5.5798802, 42.602629 ], [ -5.5798739, 42.6026763 ], [ -5.5798497, 42.6028572 ], [ -5.579854, 42.603109 ], [ -5.5799075, 42.6034375 ], [ -5.5799704, 42.6036501 ], [ -5.5800441, 42.6038456 ], [ -5.5802429, 42.6041392 ], [ -5.5803328, 42.6042526 ], [ -5.5804073, 42.6042566 ], [ -5.5804882, 42.6042779 ], [ -5.5805552, 42.6043175 ], [ -5.5805949, 42.604366 ], [ -5.5806163, 42.6044087 ], [ -5.5806206, 42.6044594 ], [ -5.5806067, 42.6045068 ], [ -5.5805997, 42.6045277 ], [ -5.5806322, 42.6045665 ], [ -5.5807413, 42.6046582 ], [ -5.5809532, 42.6048108 ], [ -5.5810741, 42.6048807 ], [ -5.581195, 42.6049505 ], [ -5.5819052, 42.6053448 ], [ -5.582251, 42.6055324 ], [ -5.5823076, 42.6055625 ], [ -5.5826615, 42.60575 ], [ -5.5833147, 42.6061161 ], [ -5.5834715, 42.6062262 ], [ -5.5835148, 42.6062652 ], [ -5.5837964, 42.606519 ], [ -5.5838071, 42.6065389 ], [ -5.5840426, 42.6068662 ], [ -5.5840934, 42.6069511 ], [ -5.5842444, 42.6071883 ], [ -5.5843378, 42.6073349 ], [ -5.5844818, 42.6075609 ], [ -5.5848088, 42.6080703 ], [ -5.585043, 42.6081974 ], [ -5.5851047, 42.6081818 ], [ -5.5851692, 42.6081745 ], [ -5.5852677, 42.60818 ], [ -5.5853606, 42.6082049 ], [ -5.5854361, 42.6082425 ], [ -5.5855068, 42.608309 ], [ -5.5855454, 42.6083823 ], [ -5.5855533, 42.6084607 ], [ -5.5856037, 42.6085184 ], [ -5.5856509, 42.6085695 ], [ -5.5857787, 42.6087729 ], [ -5.5858818, 42.6089446 ], [ -5.5860255, 42.609184 ], [ -5.5862046, 42.6094854 ], [ -5.5862598, 42.6096665 ], [ -5.5862753, 42.6097606 ], [ -5.5862829, 42.6098546 ], [ -5.5862635, 42.610127 ], [ -5.5862715, 42.6102275 ], [ -5.586274, 42.6102622 ], [ -5.5862933, 42.6103852 ], [ -5.5863466, 42.610513 ], [ -5.5864126, 42.6106322 ], [ -5.5864333, 42.6106635 ], [ -5.5865799, 42.6108944 ], [ -5.586625, 42.6109636 ], [ -5.586769, 42.6111847 ], [ -5.5869479, 42.6114626 ], [ -5.5870847, 42.6116482 ], [ -5.5871511, 42.6117138 ], [ -5.5874446, 42.6120034 ], [ -5.5875785, 42.6120913 ], [ -5.5876399, 42.6120923 ], [ -5.5877081, 42.6121028 ], [ -5.5877635, 42.6121224 ], [ -5.5878006, 42.6121426 ], [ -5.5878292, 42.612167 ], [ -5.5878464, 42.6121894 ], [ -5.5878719, 42.6122454 ], [ -5.5878735, 42.6122758 ], [ -5.5878726, 42.6123017 ], [ -5.5879241, 42.61237 ], [ -5.5880047, 42.6124396 ], [ -5.5882467, 42.6126555 ], [ -5.5885048, 42.6128887 ], [ -5.5888246, 42.6131909 ], [ -5.5890801, 42.6134397 ], [ -5.5893127, 42.6136662 ], [ -5.589552, 42.6138991 ], [ -5.589616, 42.6139767 ], [ -5.5896915, 42.6139665 ], [ -5.5897581, 42.6139784 ], [ -5.5898229, 42.6140005 ], [ -5.5898679, 42.614039 ], [ -5.5898958, 42.6140724 ], [ -5.5899145, 42.6141082 ], [ -5.5899125, 42.614177 ], [ -5.5898877, 42.614225 ], [ -5.5898487, 42.6142708 ], [ -5.5898666, 42.6143074 ], [ -5.5899528, 42.614484 ], [ -5.589973, 42.6148981 ], [ -5.5899846, 42.6149744 ], [ -5.5899975, 42.6150188 ], [ -5.5900201, 42.6150624 ], [ -5.5901156, 42.6151691 ], [ -5.5903625, 42.615407 ], [ -5.5908936, 42.6159188 ], [ -5.5914313, 42.6164369 ], [ -5.5919941, 42.6169797 ], [ -5.5920539, 42.617035 ], [ -5.5920805, 42.6170596 ], [ -5.5921662, 42.6171474 ], [ -5.5922001, 42.6171778 ], [ -5.5922565, 42.6172321 ], [ -5.592361, 42.6173333 ], [ -5.5925004, 42.6174671 ], [ -5.5934571, 42.618389 ], [ -5.5938552, 42.6187736 ], [ -5.5939636, 42.6188783 ], [ -5.5939275, 42.6188984 ], [ -5.5937872, 42.6189767 ], [ -5.5935479, 42.6191122 ], [ -5.5930467, 42.6193959 ], [ -5.5921514, 42.619905 ], [ -5.591792, 42.6201095 ], [ -5.5914759, 42.6202893 ], [ -5.5914656, 42.620296 ], [ -5.5914586, 42.6203006 ], [ -5.5914396, 42.6203153 ], [ -5.5914337, 42.62032 ], [ -5.5914111, 42.6203603 ], [ -5.5915166, 42.6204412 ], [ -5.5915689, 42.6204876 ], [ -5.5916186, 42.6205438 ], [ -5.5916373, 42.6205912 ], [ -5.5916682, 42.6206576 ], [ -5.5918697, 42.6208288 ], [ -5.5926752, 42.6214545 ], [ -5.5929943, 42.6217067 ], [ -5.5930214, 42.6217281 ], [ -5.5930322, 42.6217366 ], [ -5.5930591, 42.6217579 ], [ -5.5930984, 42.6217889 ], [ -5.5932504, 42.6219137 ], [ -5.5934893, 42.6221053 ], [ -5.5940243, 42.6225375 ], [ -5.5940808, 42.6225064 ], [ -5.5941, 42.6224959 ], [ -5.5943077, 42.6223808 ] ] } },
{ "type": "Feature", "id": "relation/11064550", "properties": { "@id": "relation/11064550", "colour": "#FFE500", "from": "Polígono X", "name": "11: Polígono X → Eras de Renueva", "network": "Autobuses Urbanos de León", "network:wikidata": "Q18195802", "operator": "Autobuses Urbanos de León S.A.", "public_transport:version": "2", "ref": "11", "route": "bus", "to": "Eras de Renueva", "type": "route", "website": "http://www.alesa-alsa.com/2017/PAGINAS/LINEAS/linea11.html", "wheelchair": "yes", "wikidata": "Q5985475", "wikipedia": "es:Línea 11 (ALESA)" }, "geometry": { "type": "LineString", "coordinates": [ [ -5.5943077, 42.6223808 ], [ -5.5945113, 42.622268 ], [ -5.5954154, 42.6217728 ], [ -5.5955359, 42.6217049 ], [ -5.5961443, 42.6213683 ], [ -5.5962565, 42.6213059 ], [ -5.5964208, 42.6212203 ], [ -5.5964722, 42.6211251 ], [ -5.5964863, 42.6211101 ], [ -5.5965102, 42.621097 ], [ -5.5967132, 42.621035 ], [ -5.5967842, 42.6210206 ], [ -5.5967945, 42.6210042 ], [ -5.5968105, 42.6209905 ], [ -5.5968309, 42.6209805 ], [ -5.5968191, 42.6209544 ], [ -5.5967507, 42.6208263 ], [ -5.5962437, 42.619876 ], [ -5.5962205, 42.6198323 ], [ -5.5960747, 42.6195256 ], [ -5.596036, 42.6195157 ], [ -5.5960009, 42.6195032 ], [ -5.5959254, 42.6194353 ], [ -5.5958956, 42.619401 ], [ -5.5958657, 42.6193666 ], [ -5.5935695, 42.6169253 ], [ -5.5933796, 42.6167234 ], [ -5.5932444, 42.6165798 ], [ -5.5932216, 42.6165555 ], [ -5.5931344, 42.6164674 ], [ -5.5931101, 42.6164412 ], [ -5.5929679, 42.6162876 ], [ -5.5929092, 42.616226 ], [ -5.5917311, 42.6149839 ], [ -5.5915738, 42.6148181 ], [ -5.5913927, 42.6146272 ], [ -5.5911433, 42.6143469 ], [ -5.5910654, 42.6142753 ], [ -5.5910148, 42.6142412 ], [ -5.5909642, 42.6142072 ], [ -5.5909096, 42.6142091 ], [ -5.5908612, 42.6142074 ], [ -5.5907608, 42.6141914 ], [ -5.5901009, 42.6140953 ], [ -5.5899652, 42.6141047 ], [ -5.5899145, 42.6141082 ], [ -5.5899125, 42.614177 ], [ -5.5898877, 42.614225 ], [ -5.5898487, 42.6142708 ], [ -5.5898126, 42.6142915 ], [ -5.589768, 42.6143096 ], [ -5.5897244, 42.6143163 ], [ -5.5896808, 42.6143185 ], [ -5.5896373, 42.6143132 ], [ -5.5895974, 42.6143044 ], [ -5.5895634, 42.6142904 ], [ -5.5895306, 42.6142727 ], [ -5.5894992, 42.6142504 ], [ -5.5894714, 42.6142281 ], [ -5.5894579, 42.6141977 ], [ -5.5894523, 42.6141673 ], [ -5.5894497, 42.6141392 ], [ -5.5894556, 42.614112 ], [ -5.5894104, 42.6140668 ], [ -5.5893852, 42.61403 ], [ -5.5893515, 42.6139773 ], [ -5.5892381, 42.6138475 ], [ -5.5888786, 42.613481 ], [ -5.5885767, 42.613195 ], [ -5.5884011, 42.6130181 ], [ -5.5878331, 42.6125548 ], [ -5.5876935, 42.6124612 ], [ -5.5876255, 42.6124672 ], [ -5.5875561, 42.6124603 ], [ -5.5874976, 42.6124392 ], [ -5.5874705, 42.612428 ], [ -5.5874298, 42.6123997 ], [ -5.5873986, 42.6123669 ], [ -5.5873769, 42.6123213 ], [ -5.5873694, 42.6122733 ], [ -5.587375, 42.6122301 ], [ -5.5873397, 42.6121775 ], [ -5.5872861, 42.6120863 ], [ -5.5869101, 42.6117272 ], [ -5.5867659, 42.6115257 ], [ -5.5866796, 42.6113853 ], [ -5.5865828, 42.6112385 ], [ -5.5864188, 42.6109812 ], [ -5.5862337, 42.6106935 ], [ -5.5861821, 42.6106001 ], [ -5.5861438, 42.6105163 ], [ -5.5861133, 42.6104376 ], [ -5.5860679, 42.6102537 ], [ -5.5860895, 42.609881 ], [ -5.5860835, 42.6097688 ], [ -5.5860633, 42.6096577 ], [ -5.5860399, 42.6095772 ], [ -5.5860023, 42.6094967 ], [ -5.5859635, 42.6094157 ], [ -5.5859122, 42.6093311 ], [ -5.5856017, 42.6088385 ], [ -5.5855537, 42.6087942 ], [ -5.5855056, 42.6087603 ], [ -5.5854052, 42.6087187 ], [ -5.5853016, 42.6086956 ], [ -5.5852144, 42.6087077 ], [ -5.5851428, 42.6087469 ], [ -5.5850713, 42.608786 ], [ -5.5850265, 42.6088013 ], [ -5.5848432, 42.6088645 ], [ -5.5823677, 42.6097178 ], [ -5.5823053, 42.6097411 ], [ -5.5821762, 42.6097632 ], [ -5.5820836, 42.6097711 ], [ -5.5820371, 42.6097634 ], [ -5.5820059, 42.6097583 ], [ -5.5819576, 42.6097336 ], [ -5.581906, 42.6096756 ], [ -5.5818185, 42.6095744 ], [ -5.5817409, 42.6095088 ], [ -5.5815616, 42.6092674 ], [ -5.5807058, 42.6081835 ], [ -5.5807013, 42.6081192 ], [ -5.5806525, 42.608075 ], [ -5.5805336, 42.6079199 ], [ -5.5804749, 42.6078432 ], [ -5.5804357, 42.607792 ], [ -5.5804075, 42.607754 ], [ -5.5803878, 42.6077276 ], [ -5.5803507, 42.6076911 ], [ -5.5803169, 42.6076592 ], [ -5.5783559, 42.6055051 ], [ -5.5782923, 42.6054358 ], [ -5.5782712, 42.605419 ], [ -5.5782552, 42.6054063 ], [ -5.5782306, 42.6053854 ], [ -5.5781866, 42.6053532 ], [ -5.5781571, 42.6053179 ], [ -5.5780745, 42.6052169 ], [ -5.5780116, 42.6051477 ], [ -5.5779801, 42.605113 ], [ -5.5778457, 42.604956 ], [ -5.5776926, 42.6047773 ], [ -5.5775683, 42.6046247 ], [ -5.577482, 42.6045174 ], [ -5.577298, 42.6042967 ], [ -5.5772751, 42.6042713 ], [ -5.5771113, 42.6040889 ], [ -5.5770769, 42.6040504 ], [ -5.5768245, 42.6037741 ], [ -5.5766939, 42.6036293 ], [ -5.5765113, 42.6034241 ], [ -5.5764765, 42.6033869 ], [ -5.5764456, 42.6033461 ], [ -5.5762093, 42.6030829 ], [ -5.5760833, 42.6029388 ], [ -5.5759604, 42.6028006 ], [ -5.5758986, 42.6027361 ], [ -5.5758592, 42.6026929 ], [ -5.5752485, 42.6020233 ], [ -5.5751747, 42.6019285 ], [ -5.5750922, 42.6018294 ], [ -5.5749471, 42.6016722 ], [ -5.5749243, 42.6016475 ], [ -5.5746225, 42.6012953 ], [ -5.5745675, 42.6012388 ], [ -5.5744831, 42.6011436 ], [ -5.5744343, 42.6010886 ], [ -5.5744213, 42.6010735 ], [ -5.5739647, 42.6005847 ], [ -5.5736849, 42.6002865 ], [ -5.5736223, 42.6002182 ], [ -5.5735552, 42.6001392 ], [ -5.5735196, 42.6001063 ], [ -5.5733769, 42.5999556 ], [ -5.5730465, 42.5995917 ], [ -5.5729315, 42.5994651 ], [ -5.5728692, 42.599397 ], [ -5.5727055, 42.5992093 ], [ -5.5723716, 42.5988188 ], [ -5.5722039, 42.5986285 ], [ -5.5720042, 42.5984288 ], [ -5.5719403, 42.5983809 ], [ -5.5718421, 42.5983337 ], [ -5.5718129, 42.598321 ], [ -5.5717323, 42.5982777 ], [ -5.5716928, 42.5982408 ], [ -5.5716738, 42.5982089 ], [ -5.5716643, 42.5981931 ], [ -5.5716632, 42.5981667 ], [ -5.5716816, 42.5981238 ], [ -5.5716794, 42.5980968 ], [ -5.5716879, 42.5980504 ], [ -5.5717114, 42.5980069 ], [ -5.5717485, 42.5979688 ], [ -5.571797, 42.5979386 ], [ -5.5719003, 42.5979094 ], [ -5.5720013, 42.5978637 ], [ -5.572122, 42.5978188 ], [ -5.5721365, 42.5978122 ], [ -5.5721594, 42.5977978 ], [ -5.5721757, 42.5977782 ], [ -5.5721836, 42.5977637 ], [ -5.5721877, 42.597741 ], [ -5.5721785, 42.5977236 ], [ -5.572149, 42.5976678 ], [ -5.5719931, 42.5974348 ], [ -5.5716879, 42.5969939 ], [ -5.5716662, 42.5969612 ], [ -5.5716165, 42.5968902 ], [ -5.5715654, 42.5968224 ], [ -5.5715163, 42.596784 ], [ -5.5713345, 42.5964993 ], [ -5.5713149, 42.5964672 ], [ -5.5712204, 42.5963011 ], [ -5.5711591, 42.5961906 ], [ -5.5710642, 42.5959882 ], [ -5.5710276, 42.5959191 ], [ -5.5710058, 42.5958795 ], [ -5.5707447, 42.5953326 ], [ -5.570679, 42.5951071 ], [ -5.5706315, 42.5948347 ], [ -5.5706207, 42.5947402 ], [ -5.5705876, 42.5944975 ], [ -5.5705791, 42.5944593 ], [ -5.5705764, 42.5944333 ], [ -5.5705633, 42.5943096 ], [ -5.5705414, 42.5940271 ], [ -5.570541, 42.5939828 ], [ -5.5705407, 42.5939486 ], [ -5.5705688, 42.5938628 ], [ -5.5706173, 42.5937439 ], [ -5.5706276, 42.5937168 ], [ -5.570642, 42.5936804 ], [ -5.5708167, 42.5932952 ], [ -5.5709752, 42.5929045 ], [ -5.5709848, 42.5927791 ], [ -5.5709909, 42.5927483 ], [ -5.571057, 42.5924143 ], [ -5.57108, 42.5922681 ], [ -5.5711976, 42.5915231 ], [ -5.5712847, 42.5910827 ], [ -5.5710696, 42.5910875 ], [ -5.5697791, 42.5911146 ], [ -5.5691658, 42.5911281 ], [ -5.5688178, 42.5911367 ], [ -5.5686988, 42.5911396 ], [ -5.5684902, 42.5911475 ], [ -5.5682911, 42.5911504 ], [ -5.5674581, 42.5911643 ], [ -5.5672802, 42.5911676 ], [ -5.5671176, 42.5911686 ], [ -5.5664431, 42.5911808 ], [ -5.5658761, 42.59119 ], [ -5.5656888, 42.591193 ], [ -5.5655723, 42.5911942 ], [ -5.5654606, 42.5911924 ], [ -5.5653462, 42.5911926 ], [ -5.5652312, 42.591192 ], [ -5.5646239, 42.591204 ], [ -5.5645746, 42.5912124 ], [ -5.5644799, 42.5912973 ], [ -5.5644329, 42.5913683 ], [ -5.5643912, 42.5914497 ], [ -5.5643592, 42.591496 ], [ -5.564293, 42.5915913 ], [ -5.5642029, 42.5915588 ], [ -5.5639748, 42.591469 ], [ -5.5634418, 42.5912029 ], [ -5.5632542, 42.5911104 ], [ -5.5631624, 42.591097 ], [ -5.5631095, 42.5910977 ], [ -5.5629267, 42.5912236 ], [ -5.5628929, 42.5912564 ], [ -5.5628632, 42.5912836 ], [ -5.5627692, 42.5913746 ], [ -5.5627353, 42.5914074 ], [ -5.5626149, 42.5915191 ], [ -5.562367, 42.5917521 ], [ -5.5622885, 42.5918245 ], [ -5.5615255, 42.5925286 ], [ -5.561451, 42.5925974 ], [ -5.5613803, 42.5926601 ], [ -5.561146, 42.5928737 ], [ -5.5610727, 42.5929421 ], [ -5.5609285, 42.5930767 ], [ -5.5608494, 42.5931518 ], [ -5.5601348, 42.5938085 ], [ -5.5599188, 42.594002 ], [ -5.5598367, 42.5940813 ], [ -5.5595935, 42.5940148 ], [ -5.5591984, 42.593929 ], [ -5.5591137, 42.5938689 ], [ -5.5590908, 42.5938332 ], [ -5.5590835, 42.5937932 ], [ -5.5590913, 42.5937591 ], [ -5.5591058, 42.5937293 ], [ -5.559127, 42.5937055 ], [ -5.559199, 42.5936413 ], [ -5.5592859, 42.5935799 ], [ -5.5594226, 42.5935245 ], [ -5.5595474, 42.5934088 ], [ -5.5601558, 42.592845 ], [ -5.5602442, 42.5927657 ], [ -5.5602965, 42.5927202 ], [ -5.5607483, 42.5922988 ], [ -5.5608246, 42.5922274 ], [ -5.5608993, 42.592161 ], [ -5.561007, 42.5920586 ] ] } },
{ "type": "Feature", "id": "relation/11086449", "properties": { "@id": "relation/11086449", "colour": "#FFE500", "from": "San Cayetano", "name": "11: Eras de Renueva (San Cayetano) → Polígono X", "network": "Autobuses Urbanos de León", "network:wikidata": "Q18195802", "operator": "Autobuses Urbanos de León S.A.", "public_transport:version": "2", "ref": "11", "route": "bus", "to": "Polígono X", "type": "route", "website": "http://www.alesa-alsa.com/2017/PAGINAS/LINEAS/linea11.html", "wheelchair": "yes", "wikidata": "Q5985475", "wikipedia": "es:Línea 11 (ALESA)" }, "geometry": { "type": "MultiLineString", "coordinates": [ [ [ -5.561007, 42.5920586 ], [ -5.5616178, 42.5914821 ], [ -5.5617259, 42.591391 ], [ -5.5617629, 42.5914075 ], [ -5.5618222, 42.5914365 ], [ -5.5622473, 42.5916924 ], [ -5.562367, 42.5917521 ], [ -5.5626149, 42.5915191 ], [ -5.5627353, 42.5914074 ], [ -5.5627692, 42.5913746 ], [ -5.5628632, 42.5912836 ], [ -5.5628929, 42.5912564 ], [ -5.5629267, 42.5912236 ], [ -5.5631037, 42.5910426 ], [ -5.5632181, 42.5910061 ], [ -5.5633102, 42.5909768 ], [ -5.563411, 42.5909637 ], [ -5.5635175, 42.5909626 ], [ -5.5636141, 42.5909668 ], [ -5.5637485, 42.5909781 ], [ -5.5637715, 42.5909838 ], [ -5.5639388, 42.5910269 ], [ -5.5640473, 42.5911027 ], [ -5.5642984, 42.5912735 ], [ -5.5644329, 42.5913683 ], [ -5.5645181, 42.5914256 ], [ -5.5645511, 42.5914433 ], [ -5.5645799, 42.5914613 ], [ -5.5647823, 42.5915874 ], [ -5.564944, 42.5916852 ], [ -5.5652035, 42.5918268 ], [ -5.5653973, 42.5919399 ], [ -5.5654881, 42.5919726 ], [ -5.5656101, 42.5920166 ], [ -5.5656479, 42.5920297 ], [ -5.5660485, 42.5921795 ], [ -5.5662504, 42.5922522 ], [ -5.5665174, 42.5923488 ], [ -5.5665566, 42.5923636 ], [ -5.5670633, 42.5925605 ], [ -5.5676673, 42.592781 ], [ -5.5677627, 42.5928158 ], [ -5.5679626, 42.5928885 ], [ -5.567982, 42.5928956 ], [ -5.5681324, 42.5929493 ], [ -5.5683161, 42.593021 ], [ -5.5685777, 42.5931233 ], [ -5.569384, 42.593432 ], [ -5.5701742, 42.593732 ], [ -5.5702131, 42.5937468 ], [ -5.5702846, 42.5937784 ], [ -5.5703139, 42.5937914 ], [ -5.5705688, 42.5938628 ], [ -5.5706505, 42.5938765 ], [ -5.5708348, 42.5938875 ], [ -5.5709256, 42.5938901 ], [ -5.5709765, 42.59389 ], [ -5.5715813, 42.5938726 ], [ -5.5718183, 42.5938607 ], [ -5.572027, 42.5939338 ], [ -5.5721446, 42.5940343 ], [ -5.5721624, 42.5940713 ], [ -5.5721998, 42.5941494 ], [ -5.5722127, 42.5943515 ], [ -5.5721865, 42.5944422 ], [ -5.5723031, 42.594484 ], [ -5.5723602, 42.5945045 ], [ -5.572889, 42.59469 ], [ -5.5730236, 42.5947365 ], [ -5.5732643, 42.5948196 ], [ -5.5735129, 42.5949054 ], [ -5.5737604, 42.5949864 ], [ -5.5738231, 42.5950069 ], [ -5.5746709, 42.5953053 ], [ -5.5748853, 42.5953794 ], [ -5.5751418, 42.5954679 ], [ -5.5756062, 42.5956283 ], [ -5.5757919, 42.5956924 ], [ -5.5763086, 42.5958708 ], [ -5.5765622, 42.5959548 ], [ -5.577137, 42.5961473 ], [ -5.5774221, 42.5962411 ], [ -5.5775884, 42.5963128 ], [ -5.5776222, 42.5962679 ], [ -5.5776699, 42.5962305 ], [ -5.5777124, 42.5962107 ], [ -5.577839, 42.5961701 ], [ -5.5780292, 42.5961166 ], [ -5.5780771, 42.596113 ], [ -5.5781202, 42.5961135 ], [ -5.5781888, 42.5961221 ], [ -5.5782526, 42.5961428 ], [ -5.5783076, 42.5961743 ], [ -5.578349, 42.596213 ], [ -5.5783693, 42.5962378 ], [ -5.5783899, 42.5963062 ], [ -5.578387, 42.5963554 ], [ -5.5783641, 42.5964102 ], [ -5.5783396, 42.5964435 ], [ -5.5783048, 42.5964714 ], [ -5.5782896, 42.5964816 ], [ -5.5782335, 42.5965086 ], [ -5.5781705, 42.5965252 ], [ -5.5781747, 42.5966715 ], [ -5.5781766, 42.5967693 ], [ -5.5782096, 42.5968298 ], [ -5.5788469, 42.5975292 ], [ -5.5789195, 42.5976103 ], [ -5.5791289, 42.5978454 ], [ -5.579688, 42.5984619 ], [ -5.5798632, 42.5986507 ], [ -5.579937, 42.5987388 ], [ -5.5801781, 42.5989927 ], [ -5.5802952, 42.5991228 ], [ -5.5803266, 42.5991576 ], [ -5.5806199, 42.5994938 ], [ -5.5808081, 42.5997044 ], [ -5.5809926, 42.5999089 ], [ -5.5810981, 42.6000192 ], [ -5.5814315, 42.600385 ], [ -5.5816808, 42.6006623 ], [ -5.5817241, 42.6007257 ], [ -5.5817518, 42.6007859 ], [ -5.5817586, 42.6008652 ], [ -5.5817397, 42.6009372 ], [ -5.5816951, 42.6010166 ], [ -5.5816249, 42.601078 ], [ -5.5815865, 42.6011031 ], [ -5.5815356, 42.6011282 ], [ -5.5811394, 42.6012737 ], [ -5.5809388, 42.6013504 ], [ -5.5807494, 42.6014506 ], [ -5.5802227, 42.6017874 ], [ -5.5800971, 42.6018867 ], [ -5.5800287, 42.601974 ], [ -5.5799776, 42.6020687 ], [ -5.579986, 42.6021218 ], [ -5.5799783, 42.6021728 ], [ -5.5799586, 42.6022225 ], [ -5.5799235, 42.6022679 ], [ -5.5799361, 42.6023161 ], [ -5.5799259, 42.6023915 ], [ -5.5799167, 42.6024353 ], [ -5.5798802, 42.602629 ], [ -5.5798739, 42.6026763 ], [ -5.5798497, 42.6028572 ], [ -5.579854, 42.603109 ], [ -5.5799075, 42.6034375 ], [ -5.5799704, 42.6036501 ], [ -5.5800441, 42.6038456 ], [ -5.5802429, 42.6041392 ], [ -5.5803328, 42.6042526 ], [ -5.5804073, 42.6042566 ], [ -5.5804882, 42.6042779 ], [ -5.5805552, 42.6043175 ], [ -5.5805949, 42.604366 ], [ -5.5806163, 42.6044087 ], [ -5.5806206, 42.6044594 ], [ -5.5806067, 42.6045068 ], [ -5.5805997, 42.6045277 ], [ -5.5806322, 42.6045665 ], [ -5.5807413, 42.6046582 ], [ -5.5809532, 42.6048108 ], [ -5.5810741, 42.6048807 ], [ -5.581195, 42.6049505 ], [ -5.5819052, 42.6053448 ], [ -5.582251, 42.6055324 ], [ -5.5823076, 42.6055625 ], [ -5.5826615, 42.60575 ], [ -5.5833147, 42.6061161 ], [ -5.5834715, 42.6062262 ], [ -5.5835148, 42.6062652 ], [ -5.5837964, 42.606519 ], [ -5.5838071, 42.6065389 ], [ -5.5840426, 42.6068662 ], [ -5.5840934, 42.6069511 ], [ -5.5842444, 42.6071883 ], [ -5.5843378, 42.6073349 ], [ -5.5844818, 42.6075609 ], [ -5.5848088, 42.6080703 ], [ -5.585043, 42.6081974 ], [ -5.5851047, 42.6081818 ], [ -5.5851692, 42.6081745 ], [ -5.5852677, 42.60818 ], [ -5.5853606, 42.6082049 ], [ -5.5854361, 42.6082425 ], [ -5.5855068, 42.608309 ], [ -5.5855454, 42.6083823 ], [ -5.5855533, 42.6084607 ], [ -5.5856037, 42.6085184 ], [ -5.5856509, 42.6085695 ], [ -5.5857787, 42.6087729 ], [ -5.5858818, 42.6089446 ], [ -5.5860255, 42.609184 ], [ -5.5862046, 42.6094854 ], [ -5.5862598, 42.6096665 ], [ -5.5862753, 42.6097606 ], [ -5.5862829, 42.6098546 ], [ -5.5862635, 42.610127 ], [ -5.5862715, 42.6102275 ], [ -5.586274, 42.6102622 ], [ -5.5862933, 42.6103852 ], [ -5.5863466, 42.610513 ], [ -5.5864126, 42.6106322 ], [ -5.5864333, 42.6106635 ], [ -5.5865799, 42.6108944 ], [ -5.586625, 42.6109636 ], [ -5.586769, 42.6111847 ], [ -5.5869479, 42.6114626 ], [ -5.5870847, 42.6116482 ], [ -5.5871511, 42.6117138 ], [ -5.5874446, 42.6120034 ], [ -5.5875785, 42.6120913 ], [ -5.5876399, 42.6120923 ], [ -5.5877081, 42.6121028 ], [ -5.5877635, 42.6121224 ], [ -5.5878006, 42.6121426 ], [ -5.5878292, 42.612167 ], [ -5.5878464, 42.6121894 ], [ -5.5878719, 42.6122454 ], [ -5.5878735, 42.6122758 ], [ -5.5878726, 42.6123017 ], [ -5.5879241, 42.61237 ], [ -5.5880047, 42.6124396 ], [ -5.5882467, 42.6126555 ], [ -5.5885048, 42.6128887 ], [ -5.5888246, 42.6131909 ], [ -5.5890801, 42.6134397 ], [ -5.5893127, 42.6136662 ], [ -5.589552, 42.6138991 ], [ -5.589616, 42.6139767 ], [ -5.5896915, 42.6139665 ], [ -5.5897581, 42.6139784 ], [ -5.5898229, 42.6140005 ], [ -5.5898679, 42.614039 ], [ -5.5898958, 42.6140724 ], [ -5.5899145, 42.6141082 ], [ -5.5899125, 42.614177 ], [ -5.5898877, 42.614225 ], [ -5.5898487, 42.6142708 ], [ -5.5898666, 42.6143074 ], [ -5.5899528, 42.614484 ], [ -5.589973, 42.6148981 ], [ -5.5899846, 42.6149744 ], [ -5.5899975, 42.6150188 ], [ -5.5900201, 42.6150624 ], [ -5.5901156, 42.6151691 ], [ -5.5903625, 42.615407 ], [ -5.5908936, 42.6159188 ], [ -5.5914313, 42.6164369 ], [ -5.5919941, 42.6169797 ], [ -5.5920539, 42.617035 ], [ -5.5920805, 42.6170596 ], [ -5.5921662, 42.6171474 ], [ -5.5922001, 42.6171778 ], [ -5.5922565, 42.6172321 ], [ -5.592361, 42.6173333 ], [ -5.5925004, 42.6174671 ], [ -5.5934571, 42.618389 ], [ -5.5938552, 42.6187736 ], [ -5.5939636, 42.6188783 ], [ -5.5939275, 42.6188984 ], [ -5.5937872, 42.6189767 ], [ -5.5935479, 42.6191122 ], [ -5.5930467, 42.6193959 ], [ -5.5921514, 42.619905 ], [ -5.591792, 42.6201095 ], [ -5.5914759, 42.6202893 ], [ -5.5914656, 42.620296 ], [ -5.5914586, 42.6203006 ], [ -5.5914396, 42.6203153 ], [ -5.5914337, 42.62032 ], [ -5.5914111, 42.6203603 ], [ -5.5915166, 42.6204412 ], [ -5.5915689, 42.6204876 ], [ -5.5916186, 42.6205438 ], [ -5.5916373, 42.6205912 ], [ -5.5916682, 42.6206576 ], [ -5.5918697, 42.6208288 ], [ -5.5926752, 42.6214545 ], [ -5.5929943, 42.6217067 ], [ -5.5930214, 42.6217281 ], [ -5.5930322, 42.6217366 ], [ -5.5930591, 42.6217579 ], [ -5.5930984, 42.6217889 ], [ -5.5932504, 42.6219137 ], [ -5.5934893, 42.6221053 ], [ -5.5940243, 42.6225375 ], [ -5.5940808, 42.6225064 ], [ -5.5941, 42.6224959 ], [ -5.5943077, 42.6223808 ] ], [ [ -5.5992323, 42.6318555 ], [ -5.5991865, 42.6318287 ], [ -5.5991407, 42.631802 ], [ -5.5990676, 42.6317272 ], [ -5.5989874, 42.6316234 ], [ -5.5987705, 42.6312892 ], [ -5.5985522, 42.6309589 ], [ -5.5984183, 42.6307444 ], [ -5.5983196, 42.6305123 ], [ -5.5980774, 42.6295759 ], [ -5.5978325, 42.628599 ], [ -5.5977472, 42.6283034 ], [ -5.5975978, 42.6279923 ], [ -5.5972403, 42.6273404 ], [ -5.5968376, 42.626614 ], [ -5.5968056, 42.6265586 ], [ -5.5967815, 42.6265167 ], [ -5.5967, 42.6263758 ], [ -5.5961848, 42.6254819 ], [ -5.5957065, 42.6245937 ], [ -5.5952786, 42.6238386 ], [ -5.5951024, 42.6235401 ], [ -5.5949766, 42.6233855 ], [ -5.594768, 42.6231625 ], [ -5.5941963, 42.6226771 ], [ -5.5940243, 42.6225375 ], [ -5.5941963, 42.6226771 ], [ -5.594768, 42.6231625 ], [ -5.5949766, 42.6233855 ], [ -5.5951024, 42.6235401 ], [ -5.5952786, 42.6238386 ], [ -5.5957065, 42.6245937 ], [ -5.5961848, 42.6254819 ], [ -5.5967, 42.6263758 ], [ -5.5967815, 42.6265167 ], [ -5.5968056, 42.6265586 ], [ -5.5968376, 42.626614 ], [ -5.5972403, 42.6273404 ], [ -5.5975978, 42.6279923 ], [ -5.5977472, 42.6283034 ], [ -5.5978325, 42.628599 ], [ -5.5980774, 42.6295759 ], [ -5.5983196, 42.6305123 ], [ -5.5984183, 42.6307444 ], [ -5.5985522, 42.6309589 ], [ -5.5987705, 42.6312892 ], [ -5.5989874, 42.6316234 ], [ -5.5990676, 42.6317272 ], [ -5.5991407, 42.631802 ], [ -5.5991865, 42.6318287 ], [ -5.5992323, 42.6318555 ] ], [ [ -5.5993693, 42.631772 ], [ -5.5993179, 42.6317881 ], [ -5.5992745, 42.6318141 ], [ -5.5992323, 42.6318555 ], [ -5.5992131, 42.6318969 ], [ -5.5992107, 42.6319405 ], [ -5.5992252, 42.6319829 ], [ -5.5992556, 42.6320205 ], [ -5.5992991, 42.6320502 ], [ -5.5993524, 42.6320695 ], [ -5.5994109, 42.6320769 ], [ -5.5994699, 42.6320718 ], [ -5.5995405, 42.6320466 ], [ -5.5995933, 42.6320037 ], [ -5.5996205, 42.6319495 ], [ -5.5996184, 42.6318918 ], [ -5.599587, 42.6318388 ], [ -5.5995366, 42.6318009 ], [ -5.5994716, 42.6317781 ], [ -5.5994191, 42.6317711 ], [ -5.5993693, 42.631772 ] ] ] } },
{ "type": "Feature", "id": "node/272653905", "properties": { "@id": "node/272653905", "@relations": [ { "role": "stop", "rel": 11064550, "reltags": { "colour": "#FFE500", "from": "Polígono X", "name": "11: Polígono X → Eras de Renueva", "network": "Autobuses Urbanos de León", "network:wikidata": "Q18195802", "operator": "Autobuses Urbanos de León S.A.", "public_transport:version": "2", "ref": "11", "route": "bus", "to": "Eras de Renueva", "type": "route", "website": "http://www.alesa-alsa.com/2017/PAGINAS/LINEAS/linea11.html", "wheelchair": "yes", "wikidata": "Q5985475", "wikipedia": "es:Línea 11 (ALESA)" } } ] }, "geometry": { "type": "Point", "coordinates": [ -5.5885767, 42.613195 ] } },
{ "type": "Feature", "id": "node/582986701", "properties": { "@id": "node/582986701", "@relations": [ { "role": "platform", "rel": 11064549, "reltags": { "colour": "#FFE500", "from": "Eras de Renueva", "name": "11: Eras de Renueva → Polígono X", "network": "Autobuses Urbanos de León", "network:wikidata": "Q18195802", "operator": "Autobuses Urbanos de León S.A.", "public_transport:version": "2", "ref": "11", "route": "bus", "to": "Polígono X", "type": "route", "website": "http://www.alesa-alsa.com/2017/PAGINAS/LINEAS/linea11.html", "wheelchair": "yes", "wikidata": "Q5985475", "wikipedia": "es:Línea 11 (ALESA)" } }, { "role": "platform", "rel": 11086449, "reltags": { "colour": "#FFE500", "from": "San Cayetano", "name": "11: Eras de Renueva (San Cayetano) → Polígono X", "network": "Autobuses Urbanos de León", "network:wikidata": "Q18195802", "operator": "Autobuses Urbanos de León S.A.", "public_transport:version": "2", "ref": "11", "route": "bus", "to": "Polígono X", "type": "route", "website": "http://www.alesa-alsa.com/2017/PAGINAS/LINEAS/linea11.html", "wheelchair": "yes", "wikidata": "Q5985475", "wikipedia": "es:Línea 11 (ALESA)" } } ] }, "geometry": { "type": "Point", "coordinates": [ -5.5715828, 42.5938264 ] } },
{ "type": "Feature", "id": "node/722562688", "properties": { "@id": "node/722562688", "@relations": [ { "role": "stop", "rel": 11086449, "reltags": { "colour": "#FFE500", "from": "San Cayetano", "name": "11: Eras de Renueva (San Cayetano) → Polígono X", "network": "Autobuses Urbanos de León", "network:wikidata": "Q18195802", "operator": "Autobuses Urbanos de León S.A.", "public_transport:version": "2", "ref": "11", "route": "bus", "to": "Polígono X", "type": "route", "website": "http://www.alesa-alsa.com/2017/PAGINAS/LINEAS/linea11.html", "wheelchair": "yes", "wikidata": "Q5985475", "wikipedia": "es:Línea 11 (ALESA)" } } ] }, "geometry": { "type": "Point", "coordinates": [ -5.5993693, 42.631772 ] } },
{ "type": "Feature", "id": "node/3149024512", "properties": { "@id": "node/3149024512", "@relations": [ { "role": "platform", "rel": 11086449, "reltags": { "colour": "#FFE500", "from": "San Cayetano", "name": "11: Eras de Renueva (San Cayetano) → Polígono X", "network": "Autobuses Urbanos de León", "network:wikidata": "Q18195802", "operator": "Autobuses Urbanos de León S.A.", "public_transport:version": "2", "ref": "11", "route": "bus", "to": "Polígono X", "type": "route", "website": "http://www.alesa-alsa.com/2017/PAGINAS/LINEAS/linea11.html", "wheelchair": "yes", "wikidata": "Q5985475", "wikipedia": "es:Línea 11 (ALESA)" } } ], "name": "Cr. Carbajal (Rda. Residenciales)" }, "geometry": { "type": "Point", "coordinates": [ -5.5993637, 42.6317105 ] } },
{ "type": "Feature", "id": "node/7473265465", "properties": { "@id": "node/7473265465", "@relations": [ { "role": "platform", "rel": 11064549, "reltags": { "colour": "#FFE500", "from": "Eras de Renueva", "name": "11: Eras de Renueva → Polígono X", "network": "Autobuses Urbanos de León", "network:wikidata": "Q18195802", "operator": "Autobuses Urbanos de León S.A.", "public_transport:version": "2", "ref": "11", "route": "bus", "to": "Polígono X", "type": "route", "website": "http://www.alesa-alsa.com/2017/PAGINAS/LINEAS/linea11.html", "wheelchair": "yes", "wikidata": "Q5985475", "wikipedia": "es:Línea 11 (ALESA)" } }, { "role": "platform", "rel": 11086449, "reltags": { "colour": "#FFE500", "from": "San Cayetano", "name": "11: Eras de Renueva (San Cayetano) → Polígono X", "network": "Autobuses Urbanos de León", "network:wikidata": "Q18195802", "operator": "Autobuses Urbanos de León S.A.", "public_transport:version": "2", "ref": "11", "route": "bus", "to": "Polígono X", "type": "route", "website": "http://www.alesa-alsa.com/2017/PAGINAS/LINEAS/linea11.html", "wheelchair": "yes", "wikidata": "Q5985475", "wikipedia": "es:Línea 11 (ALESA)" } } ] }, "geometry": { "type": "Point", "coordinates": [ -5.5844345, 42.6073078 ] } },
{ "type": "Feature", "id": "node/11263471459", "properties": { "@id": "node/11263471459", "@relations": [ { "role": "stop", "rel": 11064549, "reltags": { "colour": "#FFE500", "from": "Eras de Renueva", "name": "11: Eras de Renueva → Polígono X", "network": "Autobuses Urbanos de León", "network:wikidata": "Q18195802", "operator": "Autobuses Urbanos de León S.A.", "public_transport:version": "2", "ref": "11", "route": "bus", "to": "Polígono X", "type": "route", "website": "http://www.alesa-alsa.com/2017/PAGINAS/LINEAS/linea11.html", "wheelchair": "yes", "wikidata": "Q5985475", "wikipedia": "es:Línea 11 (ALESA)" } }, { "role": "stop", "rel": 11086449, "reltags": { "colour": "#FFE500", "from": "San Cayetano", "name": "11: Eras de Renueva (San Cayetano) → Polígono X", "network": "Autobuses Urbanos de León", "network:wikidata": "Q18195802", "operator": "Autobuses Urbanos de León S.A.", "public_transport:version": "2", "ref": "11", "route": "bus", "to": "Polígono X", "type": "route", "website": "http://www.alesa-alsa.com/2017/PAGINAS/LINEAS/linea11.html", "wheelchair": "yes", "wikidata": "Q5985475", "wikipedia": "es:Línea 11 (ALESA)" } } ] }, "geometry": { "type": "Point", "coordinates": [ -5.5843378, 42.6073349 ] } },
{ "type": "Feature", "id": "node/7473265461", "properties": { "@id": "node/7473265461", "@relations": [ { "role": "platform", "rel": 11064550, "reltags": { "colour": "#FFE500", "from": "Polígono X", "name": "11: Polígono X → Eras de Renueva", "network": "Autobuses Urbanos de León", "network:wikidata": "Q18195802", "operator": "Autobuses Urbanos de León S.A.", "public_transport:version": "2", "ref": "11", "route": "bus", "to": "Eras de Renueva", "type": "route", "website": "http://www.alesa-alsa.com/2017/PAGINAS/LINEAS/linea11.html", "wheelchair": "yes", "wikidata": "Q5985475", "wikipedia": "es:Línea 11 (ALESA)" } } ] }, "geometry": { "type": "Point", "coordinates": [ -5.5865432, 42.6113427 ] } },
{ "type": "Feature", "id": "node/7473265462", "properties": { "@id": "node/7473265462", "@relations": [ { "role": "platform", "rel": 11064549, "reltags": { "colour": "#FFE500", "from": "Eras de Renueva", "name": "11: Eras de Renueva → Polígono X", "network": "Autobuses Urbanos de León", "network:wikidata": "Q18195802", "operator": "Autobuses Urbanos de León S.A.", "public_transport:version": "2", "ref": "11", "route": "bus", "to": "Polígono X", "type": "route", "website": "http://www.alesa-alsa.com/2017/PAGINAS/LINEAS/linea11.html", "wheelchair": "yes", "wikidata": "Q5985475", "wikipedia": "es:Línea 11 (ALESA)" } }, { "role": "platform", "rel": 11086449, "reltags": { "colour": "#FFE500", "from": "San Cayetano", "name": "11: Eras de Renueva (San Cayetano) → Polígono X", "network": "Autobuses Urbanos de León", "network:wikidata": "Q18195802", "operator": "Autobuses Urbanos de León S.A.", "public_transport:version": "2", "ref": "11", "route": "bus", "to": "Polígono X", "type": "route", "website": "http://www.alesa-alsa.com/2017/PAGINAS/LINEAS/linea11.html", "wheelchair": "yes", "wikidata": "Q5985475", "wikipedia": "es:Línea 11 (ALESA)" } } ] }, "geometry": { "type": "Point", "coordinates": [ -5.5866842, 42.6109196 ] } },
{ "type": "Feature", "id": "node/7473265463", "properties": { "@id": "node/7473265463", "@relations": [ { "role": "platform", "rel": 11064549, "reltags": { "colour": "#FFE500", "from": "Eras de Renueva", "name": "11: Eras de Renueva → Polígono X", "network": "Autobuses Urbanos de León", "network:wikidata": "Q18195802", "operator": "Autobuses Urbanos de León S.A.", "public_transport:version": "2", "ref": "11", "route": "bus", "to": "Polígono X", "type": "route", "website": "http://www.alesa-alsa.com/2017/PAGINAS/LINEAS/linea11.html", "wheelchair": "yes", "wikidata": "Q5985475", "wikipedia": "es:Línea 11 (ALESA)" } }, { "role": "platform", "rel": 11086449, "reltags": { "colour": "#FFE500", "from": "San Cayetano", "name": "11: Eras de Renueva (San Cayetano) → Polígono X", "network": "Autobuses Urbanos de León", "network:wikidata": "Q18195802", "operator": "Autobuses Urbanos de León S.A.", "public_transport:version": "2", "ref": "11", "route": "bus", "to": "Polígono X", "type": "route", "website": "http://www.alesa-alsa.com/2017/PAGINAS/LINEAS/linea11.html", "wheelchair": "yes", "wikidata": "Q5985475", "wikipedia": "es:Línea 11 (ALESA)" } } ] }, "geometry": { "type": "Point", "coordinates": [ -5.5859431, 42.6088744 ] } },
{ "type": "Feature", "id": "node/7476558079", "properties": { "@id": "node/7476558079", "@relations": [ { "role": "platform", "rel": 11064549, "reltags": { "colour": "#FFE500", "from": "Eras de Renueva", "name": "11: Eras de Renueva → Polígono X", "network": "Autobuses Urbanos de León", "network:wikidata": "Q18195802", "operator": "Autobuses Urbanos de León S.A.", "public_transport:version": "2", "ref": "11", "route": "bus", "to": "Polígono X", "type": "route", "website": "http://www.alesa-alsa.com/2017/PAGINAS/LINEAS/linea11.html", "wheelchair": "yes", "wikidata": "Q5985475", "wikipedia": "es:Línea 11 (ALESA)" } }, { "role": "platform", "rel": 11086449, "reltags": { "colour": "#FFE500", "from": "San Cayetano", "name": "11: Eras de Renueva (San Cayetano) → Polígono X", "network": "Autobuses Urbanos de León", "network:wikidata": "Q18195802", "operator": "Autobuses Urbanos de León S.A.", "public_transport:version": "2", "ref": "11", "route": "bus", "to": "Polígono X", "type": "route", "website": "http://www.alesa-alsa.com/2017/PAGINAS/LINEAS/linea11.html", "wheelchair": "yes", "wikidata": "Q5985475", "wikipedia": "es:Línea 11 (ALESA)" } } ], "name": "Reyes Leoneses. 35" }, "geometry": { "type": "Point", "coordinates": [ -5.5891017, 42.6133317 ] } },
{ "type": "Feature", "id": "node/7476574692", "properties": { "@id": "node/7476574692", "@relations": [ { "role": "platform", "rel": 11064550, "reltags": { "colour": "#FFE500", "from": "Polígono X", "name": "11: Polígono X → Eras de Renueva", "network": "Autobuses Urbanos de León", "network:wikidata": "Q18195802", "operator": "Autobuses Urbanos de León S.A.", "public_transport:version": "2", "ref": "11", "route": "bus", "to": "Eras de Renueva", "type": "route", "website": "http://www.alesa-alsa.com/2017/PAGINAS/LINEAS/linea11.html", "wheelchair": "yes", "wikidata": "Q5985475", "wikipedia": "es:Línea 11 (ALESA)" } } ], "name": "Santos Ovejero (Fte. 23)" }, "geometry": { "type": "Point", "coordinates": [ -5.5848164, 42.6089747 ] } },
{ "type": "Feature", "id": "node/7476574693", "properties": { "@id": "node/7476574693", "@relations": [ { "role": "platform", "rel": 11064550, "reltags": { "colour": "#FFE500", "from": "Polígono X", "name": "11: Polígono X → Eras de Renueva", "network": "Autobuses Urbanos de León", "network:wikidata": "Q18195802", "operator": "Autobuses Urbanos de León S.A.", "public_transport:version": "2", "ref": "11", "route": "bus", "to": "Eras de Renueva", "type": "route", "website": "http://www.alesa-alsa.com/2017/PAGINAS/LINEAS/linea11.html", "wheelchair": "yes", "wikidata": "Q5985475", "wikipedia": "es:Línea 11 (ALESA)" } } ], "name": "Reyes Leoneses. 50" }, "geometry": { "type": "Point", "coordinates": [ -5.5885313, 42.6132623 ] } },
{ "type": "Feature", "id": "node/11246223603", "properties": { "@id": "node/11246223603", "@relations": [ { "role": "stop", "rel": 11064550, "reltags": { "colour": "#FFE500", "from": "Polígono X", "name": "11: Polígono X → Eras de Renueva", "network": "Autobuses Urbanos de León", "network:wikidata": "Q18195802", "operator": "Autobuses Urbanos de León S.A.", "public_transport:version": "2", "ref": "11", "route": "bus", "to": "Eras de Renueva", "type": "route", "website": "http://www.alesa-alsa.com/2017/PAGINAS/LINEAS/linea11.html", "wheelchair": "yes", "wikidata": "Q5985475", "wikipedia": "es:Línea 11 (ALESA)" } } ] }, "geometry": { "type": "Point", "coordinates": [ -5.5866796, 42.6113853 ] } },
{ "type": "Feature", "id": "node/11263471454", "properties": { "@id": "node/11263471454", "@relations": [ { "role": "stop", "rel": 11064549, "reltags": { "colour": "#FFE500", "from": "Eras de Renueva", "name": "11: Eras de Renueva → Polígono X", "network": "Autobuses Urbanos de León", "network:wikidata": "Q18195802", "operator": "Autobuses Urbanos de León S.A.", "public_transport:version": "2", "ref": "11", "route": "bus", "to": "Polígono X", "type": "route", "website": "http://www.alesa-alsa.com/2017/PAGINAS/LINEAS/linea11.html", "wheelchair": "yes", "wikidata": "Q5985475", "wikipedia": "es:Línea 11 (ALESA)" } }, { "role": "stop", "rel": 11086449, "reltags": { "colour": "#FFE500", "from": "San Cayetano", "name": "11: Eras de Renueva (San Cayetano) → Polígono X", "network": "Autobuses Urbanos de León", "network:wikidata": "Q18195802", "operator": "Autobuses Urbanos de León S.A.", "public_transport:version": "2", "ref": "11", "route": "bus", "to": "Polígono X", "type": "route", "website": "http://www.alesa-alsa.com/2017/PAGINAS/LINEAS/linea11.html", "wheelchair": "yes", "wikidata": "Q5985475", "wikipedia": "es:Línea 11 (ALESA)" } } ] }, "geometry": { "type": "Point", "coordinates": [ -5.586625, 42.6109636 ] } },
{ "type": "Feature", "id": "node/11263471457", "properties": { "@id": "node/11263471457", "@relations": [ { "role": "stop", "rel": 11064549, "reltags": { "colour": "#FFE500", "from": "Eras de Renueva", "name": "11: Eras de Renueva → Polígono X", "network": "Autobuses Urbanos de León", "network:wikidata": "Q18195802", "operator": "Autobuses Urbanos de León S.A.", "public_transport:version": "2", "ref": "11", "route": "bus", "to": "Polígono X", "type": "route", "website": "http://www.alesa-alsa.com/2017/PAGINAS/LINEAS/linea11.html", "wheelchair": "yes", "wikidata": "Q5985475", "wikipedia": "es:Línea 11 (ALESA)" } }, { "role": "stop", "rel": 11086449, "reltags": { "colour": "#FFE500", "from": "San Cayetano", "name": "11: Eras de Renueva (San Cayetano) → Polígono X", "network": "Autobuses Urbanos de León", "network:wikidata": "Q18195802", "operator": "Autobuses Urbanos de León S.A.", "public_transport:version": "2", "ref": "11", "route": "bus", "to": "Polígono X", "type": "route", "website": "http://www.alesa-alsa.com/2017/PAGINAS/LINEAS/linea11.html", "wheelchair": "yes", "wikidata": "Q5985475", "wikipedia": "es:Línea 11 (ALESA)" } } ] }, "geometry": { "type": "Point", "coordinates": [ -5.5858818, 42.6089446 ] } },
{ "type": "Feature", "id": "node/11273274122", "properties": { "@id": "node/11273274122", "@relations": [ { "role": "stop", "rel": 11064550, "reltags": { "colour": "#FFE500", "from": "Polígono X", "name": "11: Polígono X → Eras de Renueva", "network": "Autobuses Urbanos de León", "network:wikidata": "Q18195802", "operator": "Autobuses Urbanos de León S.A.", "public_transport:version": "2", "ref": "11", "route": "bus", "to": "Eras de Renueva", "type": "route", "website": "http://www.alesa-alsa.com/2017/PAGINAS/LINEAS/linea11.html", "wheelchair": "yes", "wikidata": "Q5985475", "wikipedia": "es:Línea 11 (ALESA)" } } ] }, "geometry": { "type": "Point", "coordinates": [ -5.5848432, 42.6088645 ] } },
{ "type": "Feature", "id": "node/11276162425", "properties": { "@id": "node/11276162425", "@relations": [ { "role": "stop", "rel": 11064549, "reltags": { "colour": "#FFE500", "from": "Eras de Renueva", "name": "11: Eras de Renueva → Polígono X", "network": "Autobuses Urbanos de León", "network:wikidata": "Q18195802", "operator": "Autobuses Urbanos de León S.A.", "public_transport:version": "2", "ref": "11", "route": "bus", "to": "Polígono X", "type": "route", "website": "http://www.alesa-alsa.com/2017/PAGINAS/LINEAS/linea11.html", "wheelchair": "yes", "wikidata": "Q5985475", "wikipedia": "es:Línea 11 (ALESA)" } }, { "role": "stop", "rel": 11086449, "reltags": { "colour": "#FFE500", "from": "San Cayetano", "name": "11: Eras de Renueva (San Cayetano) → Polígono X", "network": "Autobuses Urbanos de León", "network:wikidata": "Q18195802", "operator": "Autobuses Urbanos de León S.A.", "public_transport:version": "2", "ref": "11", "route": "bus", "to": "Polígono X", "type": "route", "website": "http://www.alesa-alsa.com/2017/PAGINAS/LINEAS/linea11.html", "wheelchair": "yes", "wikidata": "Q5985475", "wikipedia": "es:Línea 11 (ALESA)" } } ] }, "geometry": { "type": "Point", "coordinates": [ -5.5890801, 42.6134397 ] } },
{ "type": "Feature", "id": "node/4906096517", "properties": { "@id": "node/4906096517", "@relations": [ { "role": "platform", "rel": 11064549, "reltags": { "colour": "#FFE500", "from": "Eras de Renueva", "name": "11: Eras de Renueva → Polígono X", "network": "Autobuses Urbanos de León", "network:wikidata": "Q18195802", "operator": "Autobuses Urbanos de León S.A.", "public_transport:version": "2", "ref": "11", "route": "bus", "to": "Polígono X", "type": "route", "website": "http://www.alesa-alsa.com/2017/PAGINAS/LINEAS/linea11.html", "wheelchair": "yes", "wikidata": "Q5985475", "wikipedia": "es:Línea 11 (ALESA)" } }, { "role": "platform", "rel": 11086449, "reltags": { "colour": "#FFE500", "from": "San Cayetano", "name": "11: Eras de Renueva (San Cayetano) → Polígono X", "network": "Autobuses Urbanos de León", "network:wikidata": "Q18195802", "operator": "Autobuses Urbanos de León S.A.", "public_transport:version": "2", "ref": "11", "route": "bus", "to": "Polígono X", "type": "route", "website": "http://www.alesa-alsa.com/2017/PAGINAS/LINEAS/linea11.html", "wheelchair": "yes", "wikidata": "Q5985475", "wikipedia": "es:Línea 11 (ALESA)" } } ] }, "geometry": { "type": "Point", "coordinates": [ -5.5730478, 42.5946922 ] } },
{ "type": "Feature", "id": "node/4906096887", "properties": { "@id": "node/4906096887", "@relations": [ { "role": "stop", "rel": 11064550, "reltags": { "colour": "#FFE500", "from": "Polígono X", "name": "11: Polígono X → Eras de Renueva", "network": "Autobuses Urbanos de León", "network:wikidata": "Q18195802", "operator": "Autobuses Urbanos de León S.A.", "public_transport:version": "2", "ref": "11", "route": "bus", "to": "Eras de Renueva", "type": "route", "website": "http://www.alesa-alsa.com/2017/PAGINAS/LINEAS/linea11.html", "wheelchair": "yes", "wikidata": "Q5985475", "wikipedia": "es:Línea 11 (ALESA)" } } ] }, "geometry": { "type": "Point", "coordinates": [ -5.5706207, 42.5947402 ] } },
{ "type": "Feature", "id": "node/4906096888", "properties": { "@id": "node/4906096888", "@relations": [ { "role": "stop", "rel": 11064549, "reltags": { "colour": "#FFE500", "from": "Eras de Renueva", "name": "11: Eras de Renueva → Polígono X", "network": "Autobuses Urbanos de León", "network:wikidata": "Q18195802", "operator": "Autobuses Urbanos de León S.A.", "public_transport:version": "2", "ref": "11", "route": "bus", "to": "Polígono X", "type": "route", "website": "http://www.alesa-alsa.com/2017/PAGINAS/LINEAS/linea11.html", "wheelchair": "yes", "wikidata": "Q5985475", "wikipedia": "es:Línea 11 (ALESA)" } }, { "role": "stop", "rel": 11086449, "reltags": { "colour": "#FFE500", "from": "San Cayetano", "name": "11: Eras de Renueva (San Cayetano) → Polígono X", "network": "Autobuses Urbanos de León", "network:wikidata": "Q18195802", "operator": "Autobuses Urbanos de León S.A.", "public_transport:version": "2", "ref": "11", "route": "bus", "to": "Polígono X", "type": "route", "website": "http://www.alesa-alsa.com/2017/PAGINAS/LINEAS/linea11.html", "wheelchair": "yes", "wikidata": "Q5985475", "wikipedia": "es:Línea 11 (ALESA)" } } ] }, "geometry": { "type": "Point", "coordinates": [ -5.5715813, 42.5938726 ] } },
{ "type": "Feature", "id": "node/4906096889", "properties": { "@id": "node/4906096889", "@relations": [ { "role": "stop", "rel": 11064549, "reltags": { "colour": "#FFE500", "from": "Eras de Renueva", "name": "11: Eras de Renueva → Polígono X", "network": "Autobuses Urbanos de León", "network:wikidata": "Q18195802", "operator": "Autobuses Urbanos de León S.A.", "public_transport:version": "2", "ref": "11", "route": "bus", "to": "Polígono X", "type": "route", "website": "http://www.alesa-alsa.com/2017/PAGINAS/LINEAS/linea11.html", "wheelchair": "yes", "wikidata": "Q5985475", "wikipedia": "es:Línea 11 (ALESA)" } }, { "role": "stop", "rel": 11086449, "reltags": { "colour": "#FFE500", "from": "San Cayetano", "name": "11: Eras de Renueva (San Cayetano) → Polígono X", "network": "Autobuses Urbanos de León", "network:wikidata": "Q18195802", "operator": "Autobuses Urbanos de León S.A.", "public_transport:version": "2", "ref": "11", "route": "bus", "to": "Polígono X", "type": "route", "website": "http://www.alesa-alsa.com/2017/PAGINAS/LINEAS/linea11.html", "wheelchair": "yes", "wikidata": "Q5985475", "wikipedia": "es:Línea 11 (ALESA)" } } ] }, "geometry": { "type": "Point", "coordinates": [ -5.5730236, 42.5947365 ] } },
{ "type": "Feature", "id": "node/4906096518", "properties": { "@id": "node/4906096518", "@relations": [ { "role": "platform", "rel": 11064549, "reltags": { "colour": "#FFE500", "from": "Eras de Renueva", "name": "11: Eras de Renueva → Polígono X", "network": "Autobuses Urbanos de León", "network:wikidata": "Q18195802", "operator": "Autobuses Urbanos de León S.A.", "public_transport:version": "2", "ref": "11", "route": "bus", "to": "Polígono X", "type": "route", "website": "http://www.alesa-alsa.com/2017/PAGINAS/LINEAS/linea11.html", "wheelchair": "yes", "wikidata": "Q5985475", "wikipedia": "es:Línea 11 (ALESA)" } }, { "role": "platform", "rel": 11086449, "reltags": { "colour": "#FFE500", "from": "San Cayetano", "name": "11: Eras de Renueva (San Cayetano) → Polígono X", "network": "Autobuses Urbanos de León", "network:wikidata": "Q18195802", "operator": "Autobuses Urbanos de León S.A.", "public_transport:version": "2", "ref": "11", "route": "bus", "to": "Polígono X", "type": "route", "website": "http://www.alesa-alsa.com/2017/PAGINAS/LINEAS/linea11.html", "wheelchair": "yes", "wikidata": "Q5985475", "wikipedia": "es:Línea 11 (ALESA)" } } ] }, "geometry": { "type": "Point", "coordinates": [ -5.5771565, 42.596095 ] } },
{ "type": "Feature", "id": "node/4906096520", "properties": { "@id": "node/4906096520", "@relations": [ { "role": "platform", "rel": 11064549, "reltags": { "colour": "#FFE500", "from": "Eras de Renueva", "name": "11: Eras de Renueva → Polígono X", "network": "Autobuses Urbanos de León", "network:wikidata": "Q18195802", "operator": "Autobuses Urbanos de León S.A.", "public_transport:version": "2", "ref": "11", "route": "bus", "to": "Polígono X", "type": "route", "website": "http://www.alesa-alsa.com/2017/PAGINAS/LINEAS/linea11.html", "wheelchair": "yes", "wikidata": "Q5985475", "wikipedia": "es:Línea 11 (ALESA)" } }, { "role": "platform", "rel": 11086449, "reltags": { "colour": "#FFE500", "from": "San Cayetano", "name": "11: Eras de Renueva (San Cayetano) → Polígono X", "network": "Autobuses Urbanos de León", "network:wikidata": "Q18195802", "operator": "Autobuses Urbanos de León S.A.", "public_transport:version": "2", "ref": "11", "route": "bus", "to": "Polígono X", "type": "route", "website": "http://www.alesa-alsa.com/2017/PAGINAS/LINEAS/linea11.html", "wheelchair": "yes", "wikidata": "Q5985475", "wikipedia": "es:Línea 11 (ALESA)" } } ], "name": "C. Sagasta (Fte. Ambulatorio)" }, "geometry": { "type": "Point", "coordinates": [ -5.5802491, 42.5989713 ] } },
{ "type": "Feature", "id": "node/4906096891", "properties": { "@id": "node/4906096891", "@relations": [ { "role": "stop", "rel": 11064549, "reltags": { "colour": "#FFE500", "from": "Eras de Renueva", "name": "11: Eras de Renueva → Polígono X", "network": "Autobuses Urbanos de León", "network:wikidata": "Q18195802", "operator": "Autobuses Urbanos de León S.A.", "public_transport:version": "2", "ref": "11", "route": "bus", "to": "Polígono X", "type": "route", "website": "http://www.alesa-alsa.com/2017/PAGINAS/LINEAS/linea11.html", "wheelchair": "yes", "wikidata": "Q5985475", "wikipedia": "es:Línea 11 (ALESA)" } }, { "role": "stop", "rel": 11086449, "reltags": { "colour": "#FFE500", "from": "San Cayetano", "name": "11: Eras de Renueva (San Cayetano) → Polígono X", "network": "Autobuses Urbanos de León", "network:wikidata": "Q18195802", "operator": "Autobuses Urbanos de León S.A.", "public_transport:version": "2", "ref": "11", "route": "bus", "to": "Polígono X", "type": "route", "website": "http://www.alesa-alsa.com/2017/PAGINAS/LINEAS/linea11.html", "wheelchair": "yes", "wikidata": "Q5985475", "wikipedia": "es:Línea 11 (ALESA)" } } ] }, "geometry": { "type": "Point", "coordinates": [ -5.5801781, 42.5989927 ] } },
{ "type": "Feature", "id": "node/11240828113", "properties": { "@id": "node/11240828113", "@relations": [ { "role": "stop", "rel": 11064549, "reltags": { "colour": "#FFE500", "from": "Eras de Renueva", "name": "11: Eras de Renueva → Polígono X", "network": "Autobuses Urbanos de León", "network:wikidata": "Q18195802", "operator": "Autobuses Urbanos de León S.A.", "public_transport:version": "2", "ref": "11", "route": "bus", "to": "Polígono X", "type": "route", "website": "http://www.alesa-alsa.com/2017/PAGINAS/LINEAS/linea11.html", "wheelchair": "yes", "wikidata": "Q5985475", "wikipedia": "es:Línea 11 (ALESA)" } }, { "role": "stop", "rel": 11086449, "reltags": { "colour": "#FFE500", "from": "San Cayetano", "name": "11: Eras de Renueva (San Cayetano) → Polígono X", "network": "Autobuses Urbanos de León", "network:wikidata": "Q18195802", "operator": "Autobuses Urbanos de León S.A.", "public_transport:version": "2", "ref": "11", "route": "bus", "to": "Polígono X", "type": "route", "website": "http://www.alesa-alsa.com/2017/PAGINAS/LINEAS/linea11.html", "wheelchair": "yes", "wikidata": "Q5985475", "wikipedia": "es:Línea 11 (ALESA)" } } ] }, "geometry": { "type": "Point", "coordinates": [ -5.577137, 42.5961473 ] } },
{ "type": "Feature", "id": "node/4906096844", "properties": { "@id": "node/4906096844", "@relations": [ { "role": "platform", "rel": 11064550, "reltags": { "colour": "#FFE500", "from": "Polígono X", "name": "11: Polígono X → Eras de Renueva", "network": "Autobuses Urbanos de León", "network:wikidata": "Q18195802", "operator": "Autobuses Urbanos de León S.A.", "public_transport:version": "2", "ref": "11", "route": "bus", "to": "Eras de Renueva", "type": "route", "website": "http://www.alesa-alsa.com/2017/PAGINAS/LINEAS/linea11.html", "wheelchair": "yes", "wikidata": "Q5985475", "wikipedia": "es:Línea 11 (ALESA)" } } ] }, "geometry": { "type": "Point", "coordinates": [ -5.5743613, 42.6010834 ] } },
{ "type": "Feature", "id": "node/7468879473", "properties": { "@id": "node/7468879473", "@relations": [ { "role": "platform", "rel": 11064550, "reltags": { "colour": "#FFE500", "from": "Polígono X", "name": "11: Polígono X → Eras de Renueva", "network": "Autobuses Urbanos de León", "network:wikidata": "Q18195802", "operator": "Autobuses Urbanos de León S.A.", "public_transport:version": "2", "ref": "11", "route": "bus", "to": "Eras de Renueva", "type": "route", "website": "http://www.alesa-alsa.com/2017/PAGINAS/LINEAS/linea11.html", "wheelchair": "yes", "wikidata": "Q5985475", "wikipedia": "es:Línea 11 (ALESA)" } } ] }, "geometry": { "type": "Point", "coordinates": [ -5.5716243, 42.5982117 ] } },
{ "type": "Feature", "id": "node/11240828114", "properties": { "@id": "node/11240828114", "@relations": [ { "role": "stop", "rel": 11064550, "reltags": { "colour": "#FFE500", "from": "Polígono X", "name": "11: Polígono X → Eras de Renueva", "network": "Autobuses Urbanos de León", "network:wikidata": "Q18195802", "operator": "Autobuses Urbanos de León S.A.", "public_transport:version": "2", "ref": "11", "route": "bus", "to": "Eras de Renueva", "type": "route", "website": "http://www.alesa-alsa.com/2017/PAGINAS/LINEAS/linea11.html", "wheelchair": "yes", "wikidata": "Q5985475", "wikipedia": "es:Línea 11 (ALESA)" } } ] }, "geometry": { "type": "Point", "coordinates": [ -5.5744213, 42.6010735 ] } },
{ "type": "Feature", "id": "node/11255093287", "properties": { "@id": "node/11255093287", "@relations": [ { "role": "stop", "rel": 11064550, "reltags": { "colour": "#FFE500", "from": "Polígono X", "name": "11: Polígono X → Eras de Renueva", "network": "Autobuses Urbanos de León", "network:wikidata": "Q18195802", "operator": "Autobuses Urbanos de León S.A.", "public_transport:version": "2", "ref": "11", "route": "bus", "to": "Eras de Renueva", "type": "route", "website": "http://www.alesa-alsa.com/2017/PAGINAS/LINEAS/linea11.html", "wheelchair": "yes", "wikidata": "Q5985475", "wikipedia": "es:Línea 11 (ALESA)" } } ] }, "geometry": { "type": "Point", "coordinates": [ -5.5716738, 42.5982089 ] } },
{ "type": "Feature", "id": "node/4906096516", "properties": { "@id": "node/4906096516", "@relations": [ { "role": "platform", "rel": 11064550, "reltags": { "colour": "#FFE500", "from": "Polígono X", "name": "11: Polígono X → Eras de Renueva", "network": "Autobuses Urbanos de León", "network:wikidata": "Q18195802", "operator": "Autobuses Urbanos de León S.A.", "public_transport:version": "2", "ref": "11", "route": "bus", "to": "Eras de Renueva", "type": "route", "website": "http://www.alesa-alsa.com/2017/PAGINAS/LINEAS/linea11.html", "wheelchair": "yes", "wikidata": "Q5985475", "wikipedia": "es:Línea 11 (ALESA)" } } ] }, "geometry": { "type": "Point", "coordinates": [ -5.5704994, 42.5947117 ] } },
{ "type": "Feature", "id": "node/5619874721", "properties": { "@id": "node/5619874721", "@relations": [ { "role": "platform", "rel": 11064549, "reltags": { "colour": "#FFE500", "from": "Eras de Renueva", "name": "11: Eras de Renueva → Polígono X", "network": "Autobuses Urbanos de León", "network:wikidata": "Q18195802", "operator": "Autobuses Urbanos de León S.A.", "public_transport:version": "2", "ref": "11", "route": "bus", "to": "Polígono X", "type": "route", "website": "http://www.alesa-alsa.com/2017/PAGINAS/LINEAS/linea11.html", "wheelchair": "yes", "wikidata": "Q5985475", "wikipedia": "es:Línea 11 (ALESA)" } }, { "role": "platform", "rel": 11086449, "reltags": { "colour": "#FFE500", "from": "San Cayetano", "name": "11: Eras de Renueva (San Cayetano) → Polígono X", "network": "Autobuses Urbanos de León", "network:wikidata": "Q18195802", "operator": "Autobuses Urbanos de León S.A.", "public_transport:version": "2", "ref": "11", "route": "bus", "to": "Polígono X", "type": "route", "website": "http://www.alesa-alsa.com/2017/PAGINAS/LINEAS/linea11.html", "wheelchair": "yes", "wikidata": "Q5985475", "wikipedia": "es:Línea 11 (ALESA)" } } ], "name": "A. Miguel Castaño. 46" }, "geometry": { "type": "Point", "coordinates": [ -5.564923, 42.5915893 ] } },
{ "type": "Feature", "id": "node/7476558080", "properties": { "@id": "node/7476558080", "@relations": [ { "role": "platform", "rel": 11064549, "reltags": { "colour": "#FFE500", "from": "Eras de Renueva", "name": "11: Eras de Renueva → Polígono X", "network": "Autobuses Urbanos de León", "network:wikidata": "Q18195802", "operator": "Autobuses Urbanos de León S.A.", "public_transport:version": "2", "ref": "11", "route": "bus", "to": "Polígono X", "type": "route", "website": "http://www.alesa-alsa.com/2017/PAGINAS/LINEAS/linea11.html", "wheelchair": "yes", "wikidata": "Q5985475", "wikipedia": "es:Línea 11 (ALESA)" } }, { "role": "platform", "rel": 11086449, "reltags": { "colour": "#FFE500", "from": "San Cayetano", "name": "11: Eras de Renueva (San Cayetano) → Polígono X", "network": "Autobuses Urbanos de León", "network:wikidata": "Q18195802", "operator": "Autobuses Urbanos de León S.A.", "public_transport:version": "2", "ref": "11", "route": "bus", "to": "Polígono X", "type": "route", "website": "http://www.alesa-alsa.com/2017/PAGINAS/LINEAS/linea11.html", "wheelchair": "yes", "wikidata": "Q5985475", "wikipedia": "es:Línea 11 (ALESA)" } } ] }, "geometry": { "type": "Point", "coordinates": [ -5.5677804, 42.5927676 ] } },
{ "type": "Feature", "id": "node/7476574687", "properties": { "@id": "node/7476574687", "@relations": [ { "role": "platform", "rel": 11064550, "reltags": { "colour": "#FFE500", "from": "Polígono X", "name": "11: Polígono X → Eras de Renueva", "network": "Autobuses Urbanos de León", "network:wikidata": "Q18195802", "operator": "Autobuses Urbanos de León S.A.", "public_transport:version": "2", "ref": "11", "route": "bus", "to": "Eras de Renueva", "type": "route", "website": "http://www.alesa-alsa.com/2017/PAGINAS/LINEAS/linea11.html", "wheelchair": "yes", "wikidata": "Q5985475", "wikipedia": "es:Línea 11 (ALESA)" } } ] }, "geometry": { "type": "Point", "coordinates": [ -5.5658721, 42.5912222 ] } },
{ "type": "Feature", "id": "node/7476574688", "properties": { "@id": "node/7476574688", "@relations": [ { "role": "platform", "rel": 11064550, "reltags": { "colour": "#FFE500", "from": "Polígono X", "name": "11: Polígono X → Eras de Renueva", "network": "Autobuses Urbanos de León", "network:wikidata": "Q18195802", "operator": "Autobuses Urbanos de León S.A.", "public_transport:version": "2", "ref": "11", "route": "bus", "to": "Eras de Renueva", "type": "route", "website": "http://www.alesa-alsa.com/2017/PAGINAS/LINEAS/linea11.html", "wheelchair": "yes", "wikidata": "Q5985475", "wikipedia": "es:Línea 11 (ALESA)" } } ] }, "geometry": { "type": "Point", "coordinates": [ -5.5692496, 42.5912061 ] } },
{ "type": "Feature", "id": "node/11241120458", "properties": { "@id": "node/11241120458", "@relations": [ { "role": "stop", "rel": 11064549, "reltags": { "colour": "#FFE500", "from": "Eras de Renueva", "name": "11: Eras de Renueva → Polígono X", "network": "Autobuses Urbanos de León", "network:wikidata": "Q18195802", "operator": "Autobuses Urbanos de León S.A.", "public_transport:version": "2", "ref": "11", "route": "bus", "to": "Polígono X", "type": "route", "website": "http://www.alesa-alsa.com/2017/PAGINAS/LINEAS/linea11.html", "wheelchair": "yes", "wikidata": "Q5985475", "wikipedia": "es:Línea 11 (ALESA)" } }, { "role": "stop", "rel": 11086449, "reltags": { "colour": "#FFE500", "from": "San Cayetano", "name": "11: Eras de Renueva (San Cayetano) → Polígono X", "network": "Autobuses Urbanos de León", "network:wikidata": "Q18195802", "operator": "Autobuses Urbanos de León S.A.", "public_transport:version": "2", "ref": "11", "route": "bus", "to": "Polígono X", "type": "route", "website": "http://www.alesa-alsa.com/2017/PAGINAS/LINEAS/linea11.html", "wheelchair": "yes", "wikidata": "Q5985475", "wikipedia": "es:Línea 11 (ALESA)" } } ] }, "geometry": { "type": "Point", "coordinates": [ -5.5677627, 42.5928158 ] } },
{ "type": "Feature", "id": "node/11253670161", "properties": { "@id": "node/11253670161", "@relations": [ { "role": "stop", "rel": 11064550, "reltags": { "colour": "#FFE500", "from": "Polígono X", "name": "11: Polígono X → Eras de Renueva", "network": "Autobuses Urbanos de León", "network:wikidata": "Q18195802", "operator": "Autobuses Urbanos de León S.A.", "public_transport:version": "2", "ref": "11", "route": "bus", "to": "Eras de Renueva", "type": "route", "website": "http://www.alesa-alsa.com/2017/PAGINAS/LINEAS/linea11.html", "wheelchair": "yes", "wikidata": "Q5985475", "wikipedia": "es:Línea 11 (ALESA)" } } ] }, "geometry": { "type": "Point", "coordinates": [ -5.5691658, 42.5911281 ] } },
{ "type": "Feature", "id": "node/11271700829", "properties": { "@id": "node/11271700829", "@relations": [ { "role": "stop", "rel": 11064550, "reltags": { "colour": "#FFE500", "from": "Polígono X", "name": "11: Polígono X → Eras de Renueva", "network": "Autobuses Urbanos de León", "network:wikidata": "Q18195802", "operator": "Autobuses Urbanos de León S.A.", "public_transport:version": "2", "ref": "11", "route": "bus", "to": "Eras de Renueva", "type": "route", "website": "http://www.alesa-alsa.com/2017/PAGINAS/LINEAS/linea11.html", "wheelchair": "yes", "wikidata": "Q5985475", "wikipedia": "es:Línea 11 (ALESA)" } } ] }, "geometry": { "type": "Point", "coordinates": [ -5.5658761, 42.59119 ] } },
{ "type": "Feature", "id": "node/11277308643", "properties": { "@id": "node/11277308643", "@relations": [ { "role": "stop", "rel": 11064549, "reltags": { "colour": "#FFE500", "from": "Eras de Renueva", "name": "11: Eras de Renueva → Polígono X", "network": "Autobuses Urbanos de León", "network:wikidata": "Q18195802", "operator": "Autobuses Urbanos de León S.A.", "public_transport:version": "2", "ref": "11", "route": "bus", "to": "Polígono X", "type": "route", "website": "http://www.alesa-alsa.com/2017/PAGINAS/LINEAS/linea11.html", "wheelchair": "yes", "wikidata": "Q5985475", "wikipedia": "es:Línea 11 (ALESA)" } }, { "role": "stop", "rel": 11086449, "reltags": { "colour": "#FFE500", "from": "San Cayetano", "name": "11: Eras de Renueva (San Cayetano) → Polígono X", "network": "Autobuses Urbanos de León", "network:wikidata": "Q18195802", "operator": "Autobuses Urbanos de León S.A.", "public_transport:version": "2", "ref": "11", "route": "bus", "to": "Polígono X", "type": "route", "website": "http://www.alesa-alsa.com/2017/PAGINAS/LINEAS/linea11.html", "wheelchair": "yes", "wikidata": "Q5985475", "wikipedia": "es:Línea 11 (ALESA)" } } ] }, "geometry": { "type": "Point", "coordinates": [ -5.5647823, 42.5915874 ] } },
{ "type": "Feature", "id": "node/7476558081", "properties": { "@id": "node/7476558081", "@relations": [ { "role": "platform", "rel": 11064549, "reltags": { "colour": "#FFE500", "from": "Eras de Renueva", "name": "11: Eras de Renueva → Polígono X", "network": "Autobuses Urbanos de León", "network:wikidata": "Q18195802", "operator": "Autobuses Urbanos de León S.A.", "public_transport:version": "2", "ref": "11", "route": "bus", "to": "Polígono X", "type": "route", "website": "http://www.alesa-alsa.com/2017/PAGINAS/LINEAS/linea11.html", "wheelchair": "yes", "wikidata": "Q5985475", "wikipedia": "es:Línea 11 (ALESA)" } }, { "role": "platform", "rel": 11086449, "reltags": { "colour": "#FFE500", "from": "San Cayetano", "name": "11: Eras de Renueva (San Cayetano) → Polígono X", "network": "Autobuses Urbanos de León", "network:wikidata": "Q18195802", "operator": "Autobuses Urbanos de León S.A.", "public_transport:version": "2", "ref": "11", "route": "bus", "to": "Polígono X", "type": "route", "website": "http://www.alesa-alsa.com/2017/PAGINAS/LINEAS/linea11.html", "wheelchair": "yes", "wikidata": "Q5985475", "wikipedia": "es:Línea 11 (ALESA)" } } ] }, "geometry": { "type": "Point", "coordinates": [ -5.5627359, 42.5913059 ] } },
{ "type": "Feature", "id": "node/7476558082", "properties": { "@id": "node/7476558082", "@relations": [ { "role": "platform", "rel": 11064549, "reltags": { "colour": "#FFE500", "from": "Eras de Renueva", "name": "11: Eras de Renueva → Polígono X", "network": "Autobuses Urbanos de León", "network:wikidata": "Q18195802", "operator": "Autobuses Urbanos de León S.A.", "public_transport:version": "2", "ref": "11", "route": "bus", "to": "Polígono X", "type": "route", "website": "http://www.alesa-alsa.com/2017/PAGINAS/LINEAS/linea11.html", "wheelchair": "yes", "wikidata": "Q5985475", "wikipedia": "es:Línea 11 (ALESA)" } }, { "role": "platform", "rel": 11064550, "reltags": { "colour": "#FFE500", "from": "Polígono X", "name": "11: Polígono X → Eras de Renueva", "network": "Autobuses Urbanos de León", "network:wikidata": "Q18195802", "operator": "Autobuses Urbanos de León S.A.", "public_transport:version": "2", "ref": "11", "route": "bus", "to": "Eras de Renueva", "type": "route", "website": "http://www.alesa-alsa.com/2017/PAGINAS/LINEAS/linea11.html", "wheelchair": "yes", "wikidata": "Q5985475", "wikipedia": "es:Línea 11 (ALESA)" } }, { "role": "platform", "rel": 11086449, "reltags": { "colour": "#FFE500", "from": "San Cayetano", "name": "11: Eras de Renueva (San Cayetano) → Polígono X", "network": "Autobuses Urbanos de León", "network:wikidata": "Q18195802", "operator": "Autobuses Urbanos de León S.A.", "public_transport:version": "2", "ref": "11", "route": "bus", "to": "Polígono X", "type": "route", "website": "http://www.alesa-alsa.com/2017/PAGINAS/LINEAS/linea11.html", "wheelchair": "yes", "wikidata": "Q5985475", "wikipedia": "es:Línea 11 (ALESA)" } } ] }, "geometry": { "type": "Point", "coordinates": [ -5.5608853, 42.5920524 ] } },
{ "type": "Feature", "id": "node/7476558083", "properties": { "@id": "node/7476558083", "@relations": [ { "role": "stop", "rel": 11064549, "reltags": { "colour": "#FFE500", "from": "Eras de Renueva", "name": "11: Eras de Renueva → Polígono X", "network": "Autobuses Urbanos de León", "network:wikidata": "Q18195802", "operator": "Autobuses Urbanos de León S.A.", "public_transport:version": "2", "ref": "11", "route": "bus", "to": "Polígono X", "type": "route", "website": "http://www.alesa-alsa.com/2017/PAGINAS/LINEAS/linea11.html", "wheelchair": "yes", "wikidata": "Q5985475", "wikipedia": "es:Línea 11 (ALESA)" } }, { "role": "stop", "rel": 11064550, "reltags": { "colour": "#FFE500", "from": "Polígono X", "name": "11: Polígono X → Eras de Renueva", "network": "Autobuses Urbanos de León", "network:wikidata": "Q18195802", "operator": "Autobuses Urbanos de León S.A.", "public_transport:version": "2", "ref": "11", "route": "bus", "to": "Eras de Renueva", "type": "route", "website": "http://www.alesa-alsa.com/2017/PAGINAS/LINEAS/linea11.html", "wheelchair": "yes", "wikidata": "Q5985475", "wikipedia": "es:Línea 11 (ALESA)" } }, { "role": "stop", "rel": 11086449, "reltags": { "colour": "#FFE500", "from": "San Cayetano", "name": "11: Eras de Renueva (San Cayetano) → Polígono X", "network": "Autobuses Urbanos de León", "network:wikidata": "Q18195802", "operator": "Autobuses Urbanos de León S.A.", "public_transport:version": "2", "ref": "11", "route": "bus", "to": "Polígono X", "type": "route", "website": "http://www.alesa-alsa.com/2017/PAGINAS/LINEAS/linea11.html", "wheelchair": "yes", "wikidata": "Q5985475", "wikipedia": "es:Línea 11 (ALESA)" } } ] }, "geometry": { "type": "Point", "coordinates": [ -5.561007, 42.5920586 ] } },
{ "type": "Feature", "id": "node/7476558084", "properties": { "@id": "node/7476558084", "@relations": [ { "role": "platform", "rel": 11064550, "reltags": { "colour": "#FFE500", "from": "Polígono X", "name": "11: Polígono X → Eras de Renueva", "network": "Autobuses Urbanos de León", "network:wikidata": "Q18195802", "operator": "Autobuses Urbanos de León S.A.", "public_transport:version": "2", "ref": "11", "route": "bus", "to": "Eras de Renueva", "type": "route", "website": "http://www.alesa-alsa.com/2017/PAGINAS/LINEAS/linea11.html", "wheelchair": "yes", "wikidata": "Q5985475", "wikipedia": "es:Línea 11 (ALESA)" } } ], "name": "Moisés León (Fte. Bloque 7)" }, "geometry": { "type": "Point", "coordinates": [ -5.5594099, 42.5934369 ] } },
{ "type": "Feature", "id": "node/7476574685", "properties": { "@id": "node/7476574685", "@relations": [ { "role": "platform", "rel": 11064550, "reltags": { "colour": "#FFE500", "from": "Polígono X", "name": "11: Polígono X → Eras de Renueva", "network": "Autobuses Urbanos de León", "network:wikidata": "Q18195802", "operator": "Autobuses Urbanos de León S.A.", "public_transport:version": "2", "ref": "11", "route": "bus", "to": "Eras de Renueva", "type": "route", "website": "http://www.alesa-alsa.com/2017/PAGINAS/LINEAS/linea11.html", "wheelchair": "yes", "wikidata": "Q5985475", "wikipedia": "es:Línea 11 (ALESA)" } } ] }, "geometry": { "type": "Point", "coordinates": [ -5.5611938, 42.592909 ] } },
{ "type": "Feature", "id": "node/7476574686", "properties": { "@id": "node/7476574686", "@relations": [ { "role": "platform", "rel": 11064550, "reltags": { "colour": "#FFE500", "from": "Polígono X", "name": "11: Polígono X → Eras de Renueva", "network": "Autobuses Urbanos de León", "network:wikidata": "Q18195802", "operator": "Autobuses Urbanos de León S.A.", "public_transport:version": "2", "ref": "11", "route": "bus", "to": "Eras de Renueva", "type": "route", "website": "http://www.alesa-alsa.com/2017/PAGINAS/LINEAS/linea11.html", "wheelchair": "yes", "wikidata": "Q5985475", "wikipedia": "es:Línea 11 (ALESA)" } } ] }, "geometry": { "type": "Point", "coordinates": [ -5.5626464, 42.5915521 ] } },
{ "type": "Feature", "id": "node/11246997211", "properties": { "@id": "node/11246997211", "@relations": [ { "role": "stop", "rel": 11064549, "reltags": { "colour": "#FFE500", "from": "Eras de Renueva", "name": "11: Eras de Renueva → Polígono X", "network": "Autobuses Urbanos de León", "network:wikidata": "Q18195802", "operator": "Autobuses Urbanos de León S.A.", "public_transport:version": "2", "ref": "11", "route": "bus", "to": "Polígono X", "type": "route", "website": "http://www.alesa-alsa.com/2017/PAGINAS/LINEAS/linea11.html", "wheelchair": "yes", "wikidata": "Q5985475", "wikipedia": "es:Línea 11 (ALESA)" } }, { "role": "stop", "rel": 11086449, "reltags": { "colour": "#FFE500", "from": "San Cayetano", "name": "11: Eras de Renueva (San Cayetano) → Polígono X", "network": "Autobuses Urbanos de León", "network:wikidata": "Q18195802", "operator": "Autobuses Urbanos de León S.A.", "public_transport:version": "2", "ref": "11", "route": "bus", "to": "Polígono X", "type": "route", "website": "http://www.alesa-alsa.com/2017/PAGINAS/LINEAS/linea11.html", "wheelchair": "yes", "wikidata": "Q5985475", "wikipedia": "es:Línea 11 (ALESA)" } } ] }, "geometry": { "type": "Point", "coordinates": [ -5.5627692, 42.5913746 ] } },
{ "type": "Feature", "id": "node/11263471447", "properties": { "@id": "node/11263471447", "@relations": [ { "role": "stop", "rel": 11064550, "reltags": { "colour": "#FFE500", "from": "Polígono X", "name": "11: Polígono X → Eras de Renueva", "network": "Autobuses Urbanos de León", "network:wikidata": "Q18195802", "operator": "Autobuses Urbanos de León S.A.", "public_transport:version": "2", "ref": "11", "route": "bus", "to": "Eras de Renueva", "type": "route", "website": "http://www.alesa-alsa.com/2017/PAGINAS/LINEAS/linea11.html", "wheelchair": "yes", "wikidata": "Q5985475", "wikipedia": "es:Línea 11 (ALESA)" } } ] }, "geometry": { "type": "Point", "coordinates": [ -5.561146, 42.5928737 ] } },
{ "type": "Feature", "id": "node/11263471448", "properties": { "@id": "node/11263471448", "@relations": [ { "role": "stop", "rel": 11064550, "reltags": { "colour": "#FFE500", "from": "Polígono X", "name": "11: Polígono X → Eras de Renueva", "network": "Autobuses Urbanos de León", "network:wikidata": "Q18195802", "operator": "Autobuses Urbanos de León S.A.", "public_transport:version": "2", "ref": "11", "route": "bus", "to": "Eras de Renueva", "type": "route", "website": "http://www.alesa-alsa.com/2017/PAGINAS/LINEAS/linea11.html", "wheelchair": "yes", "wikidata": "Q5985475", "wikipedia": "es:Línea 11 (ALESA)" } } ] }, "geometry": { "type": "Point", "coordinates": [ -5.5626149, 42.5915191 ] } },
{ "type": "Feature", "id": "node/11271700828", "properties": { "@id": "node/11271700828", "@relations": [ { "role": "stop", "rel": 11064550, "reltags": { "colour": "#FFE500", "from": "Polígono X", "name": "11: Polígono X → Eras de Renueva", "network": "Autobuses Urbanos de León", "network:wikidata": "Q18195802", "operator": "Autobuses Urbanos de León S.A.", "public_transport:version": "2", "ref": "11", "route": "bus", "to": "Eras de Renueva", "type": "route", "website": "http://www.alesa-alsa.com/2017/PAGINAS/LINEAS/linea11.html", "wheelchair": "yes", "wikidata": "Q5985475", "wikipedia": "es:Línea 11 (ALESA)" } } ] }, "geometry": { "type": "Point", "coordinates": [ -5.5595474, 42.5934088 ] } },
{ "type": "Feature", "id": "node/4906096821", "properties": { "@id": "node/4906096821", "@relations": [ { "role": "platform", "rel": 11064549, "reltags": { "colour": "#FFE500", "from": "Eras de Renueva", "name": "11: Eras de Renueva → Polígono X", "network": "Autobuses Urbanos de León", "network:wikidata": "Q18195802", "operator": "Autobuses Urbanos de León S.A.", "public_transport:version": "2", "ref": "11", "route": "bus", "to": "Polígono X", "type": "route", "website": "http://www.alesa-alsa.com/2017/PAGINAS/LINEAS/linea11.html", "wheelchair": "yes", "wikidata": "Q5985475", "wikipedia": "es:Línea 11 (ALESA)" } }, { "role": "platform", "rel": 11086449, "reltags": { "colour": "#FFE500", "from": "San Cayetano", "name": "11: Eras de Renueva (San Cayetano) → Polígono X", "network": "Autobuses Urbanos de León", "network:wikidata": "Q18195802", "operator": "Autobuses Urbanos de León S.A.", "public_transport:version": "2", "ref": "11", "route": "bus", "to": "Polígono X", "type": "route", "website": "http://www.alesa-alsa.com/2017/PAGINAS/LINEAS/linea11.html", "wheelchair": "yes", "wikidata": "Q5985475", "wikipedia": "es:Línea 11 (ALESA)" } } ], "name": "R. Leoneses (Fte. Auditorio)" }, "geometry": { "type": "Point", "coordinates": [ -5.5800006, 42.6026405 ] } },
{ "type": "Feature", "id": "node/7101738431", "properties": { "@id": "node/7101738431", "@relations": [ { "role": "stop", "rel": 11064550, "reltags": { "colour": "#FFE500", "from": "Polígono X", "name": "11: Polígono X → Eras de Renueva", "network": "Autobuses Urbanos de León", "network:wikidata": "Q18195802", "operator": "Autobuses Urbanos de León S.A.", "public_transport:version": "2", "ref": "11", "route": "bus", "to": "Eras de Renueva", "type": "route", "website": "http://www.alesa-alsa.com/2017/PAGINAS/LINEAS/linea11.html", "wheelchair": "yes", "wikidata": "Q5985475", "wikipedia": "es:Línea 11 (ALESA)" } } ] }, "geometry": { "type": "Point", "coordinates": [ -5.5781571, 42.6053179 ] } },
{ "type": "Feature", "id": "node/7473265468", "properties": { "@id": "node/7473265468", "@relations": [ { "role": "platform", "rel": 11064549, "reltags": { "colour": "#FFE500", "from": "Eras de Renueva", "name": "11: Eras de Renueva → Polígono X", "network": "Autobuses Urbanos de León", "network:wikidata": "Q18195802", "operator": "Autobuses Urbanos de León S.A.", "public_transport:version": "2", "ref": "11", "route": "bus", "to": "Polígono X", "type": "route", "website": "http://www.alesa-alsa.com/2017/PAGINAS/LINEAS/linea11.html", "wheelchair": "yes", "wikidata": "Q5985475", "wikipedia": "es:Línea 11 (ALESA)" } }, { "role": "platform", "rel": 11086449, "reltags": { "colour": "#FFE500", "from": "San Cayetano", "name": "11: Eras de Renueva (San Cayetano) → Polígono X", "network": "Autobuses Urbanos de León", "network:wikidata": "Q18195802", "operator": "Autobuses Urbanos de León S.A.", "public_transport:version": "2", "ref": "11", "route": "bus", "to": "Polígono X", "type": "route", "website": "http://www.alesa-alsa.com/2017/PAGINAS/LINEAS/linea11.html", "wheelchair": "yes", "wikidata": "Q5985475", "wikipedia": "es:Línea 11 (ALESA)" } } ] }, "geometry": { "type": "Point", "coordinates": [ -5.5811165, 42.6048281 ] } },
{ "type": "Feature", "id": "node/7476574690", "properties": { "@id": "node/7476574690", "@relations": [ { "role": "platform", "rel": 11064550, "reltags": { "colour": "#FFE500", "from": "Polígono X", "name": "11: Polígono X → Eras de Renueva", "network": "Autobuses Urbanos de León", "network:wikidata": "Q18195802", "operator": "Autobuses Urbanos de León S.A.", "public_transport:version": "2", "ref": "11", "route": "bus", "to": "Eras de Renueva", "type": "route", "website": "http://www.alesa-alsa.com/2017/PAGINAS/LINEAS/linea11.html", "wheelchair": "yes", "wikidata": "Q5985475", "wikipedia": "es:Línea 11 (ALESA)" } } ], "name": "Padre Isla. 86" }, "geometry": { "type": "Point", "coordinates": [ -5.5781054, 42.6053527 ] } },
{ "type": "Feature", "id": "node/7476574691", "properties": { "@id": "node/7476574691", "@relations": [ { "role": "platform", "rel": 11064550, "reltags": { "colour": "#FFE500", "from": "Polígono X", "name": "11: Polígono X → Eras de Renueva", "network": "Autobuses Urbanos de León", "network:wikidata": "Q18195802", "operator": "Autobuses Urbanos de León S.A.", "public_transport:version": "2", "ref": "11", "route": "bus", "to": "Eras de Renueva", "type": "route", "website": "http://www.alesa-alsa.com/2017/PAGINAS/LINEAS/linea11.html", "wheelchair": "yes", "wikidata": "Q5985475", "wikipedia": "es:Línea 11 (ALESA)" } } ], "name": "Padre Isla. 132" }, "geometry": { "type": "Point", "coordinates": [ -5.5804613, 42.6079457 ] } },
{ "type": "Feature", "id": "node/11263471460", "properties": { "@id": "node/11263471460", "@relations": [ { "role": "stop", "rel": 11064549, "reltags": { "colour": "#FFE500", "from": "Eras de Renueva", "name": "11: Eras de Renueva → Polígono X", "network": "Autobuses Urbanos de León", "network:wikidata": "Q18195802", "operator": "Autobuses Urbanos de León S.A.", "public_transport:version": "2", "ref": "11", "route": "bus", "to": "Polígono X", "type": "route", "website": "http://www.alesa-alsa.com/2017/PAGINAS/LINEAS/linea11.html", "wheelchair": "yes", "wikidata": "Q5985475", "wikipedia": "es:Línea 11 (ALESA)" } }, { "role": "stop", "rel": 11086449, "reltags": { "colour": "#FFE500", "from": "San Cayetano", "name": "11: Eras de Renueva (San Cayetano) → Polígono X", "network": "Autobuses Urbanos de León", "network:wikidata": "Q18195802", "operator": "Autobuses Urbanos de León S.A.", "public_transport:version": "2", "ref": "11", "route": "bus", "to": "Polígono X", "type": "route", "website": "http://www.alesa-alsa.com/2017/PAGINAS/LINEAS/linea11.html", "wheelchair": "yes", "wikidata": "Q5985475", "wikipedia": "es:Línea 11 (ALESA)" } } ] }, "geometry": { "type": "Point", "coordinates": [ -5.5810741, 42.6048807 ] } },
{ "type": "Feature", "id": "node/11273274121", "properties": { "@id": "node/11273274121", "@relations": [ { "role": "stop", "rel": 11064550, "reltags": { "colour": "#FFE500", "from": "Polígono X", "name": "11: Polígono X → Eras de Renueva", "network": "Autobuses Urbanos de León", "network:wikidata": "Q18195802", "operator": "Autobuses Urbanos de León S.A.", "public_transport:version": "2", "ref": "11", "route": "bus", "to": "Eras de Renueva", "type": "route", "website": "http://www.alesa-alsa.com/2017/PAGINAS/LINEAS/linea11.html", "wheelchair": "yes", "wikidata": "Q5985475", "wikipedia": "es:Línea 11 (ALESA)" } } ] }, "geometry": { "type": "Point", "coordinates": [ -5.5805336, 42.6079199 ] } },
{ "type": "Feature", "id": "node/11276162426", "properties": { "@id": "node/11276162426", "@relations": [ { "role": "stop", "rel": 11064549, "reltags": { "colour": "#FFE500", "from": "Eras de Renueva", "name": "11: Eras de Renueva → Polígono X", "network": "Autobuses Urbanos de León", "network:wikidata": "Q18195802", "operator": "Autobuses Urbanos de León S.A.", "public_transport:version": "2", "ref": "11", "route": "bus", "to": "Polígono X", "type": "route", "website": "http://www.alesa-alsa.com/2017/PAGINAS/LINEAS/linea11.html", "wheelchair": "yes", "wikidata": "Q5985475", "wikipedia": "es:Línea 11 (ALESA)" } }, { "role": "stop", "rel": 11086449, "reltags": { "colour": "#FFE500", "from": "San Cayetano", "name": "11: Eras de Renueva (San Cayetano) → Polígono X", "network": "Autobuses Urbanos de León", "network:wikidata": "Q18195802", "operator": "Autobuses Urbanos de León S.A.", "public_transport:version": "2", "ref": "11", "route": "bus", "to": "Polígono X", "type": "route", "website": "http://www.alesa-alsa.com/2017/PAGINAS/LINEAS/linea11.html", "wheelchair": "yes", "wikidata": "Q5985475", "wikipedia": "es:Línea 11 (ALESA)" } } ] }, "geometry": { "type": "Point", "coordinates": [ -5.5798739, 42.6026763 ] } },
{ "type": "Feature", "id": "node/4906096843", "properties": { "@id": "node/4906096843", "@relations": [ { "role": "platform", "rel": 11064550, "reltags": { "colour": "#FFE500", "from": "Polígono X", "name": "11: Polígono X → Eras de Renueva", "network": "Autobuses Urbanos de León", "network:wikidata": "Q18195802", "operator": "Autobuses Urbanos de León S.A.", "public_transport:version": "2", "ref": "11", "route": "bus", "to": "Eras de Renueva", "type": "route", "website": "http://www.alesa-alsa.com/2017/PAGINAS/LINEAS/linea11.html", "wheelchair": "yes", "wikidata": "Q5985475", "wikipedia": "es:Línea 11 (ALESA)" } } ] }, "geometry": { "type": "Point", "coordinates": [ -5.5761876, 42.6031598 ] } },
{ "type": "Feature", "id": "node/11240828115", "properties": { "@id": "node/11240828115", "@relations": [ { "role": "stop", "rel": 11064550, "reltags": { "colour": "#FFE500", "from": "Polígono X", "name": "11: Polígono X → Eras de Renueva", "network": "Autobuses Urbanos de León", "network:wikidata": "Q18195802", "operator": "Autobuses Urbanos de León S.A.", "public_transport:version": "2", "ref": "11", "route": "bus", "to": "Eras de Renueva", "type": "route", "website": "http://www.alesa-alsa.com/2017/PAGINAS/LINEAS/linea11.html", "wheelchair": "yes", "wikidata": "Q5985475", "wikipedia": "es:Línea 11 (ALESA)" } } ] }, "geometry": { "type": "Point", "coordinates": [ -5.5762093, 42.6030829 ] } },
{ "type": "Feature", "id": "node/7476558075", "properties": { "@id": "node/7476558075", "@relations": [ { "role": "platform", "rel": 11086449, "reltags": { "colour": "#FFE500", "from": "San Cayetano", "name": "11: Eras de Renueva (San Cayetano) → Polígono X", "network": "Autobuses Urbanos de León", "network:wikidata": "Q18195802", "operator": "Autobuses Urbanos de León S.A.", "public_transport:version": "2", "ref": "11", "route": "bus", "to": "Polígono X", "type": "route", "website": "http://www.alesa-alsa.com/2017/PAGINAS/LINEAS/linea11.html", "wheelchair": "yes", "wikidata": "Q5985475", "wikipedia": "es:Línea 11 (ALESA)" } } ], "name": "Cr. Carbajal (Fte. S. Cayetano)" }, "geometry": { "type": "Point", "coordinates": [ -5.5968432, 42.6265213 ] } },
{ "type": "Feature", "id": "node/11273274129", "properties": { "@id": "node/11273274129", "@relations": [ { "role": "stop", "rel": 11086449, "reltags": { "colour": "#FFE500", "from": "San Cayetano", "name": "11: Eras de Renueva (San Cayetano) → Polígono X", "network": "Autobuses Urbanos de León", "network:wikidata": "Q18195802", "operator": "Autobuses Urbanos de León S.A.", "public_transport:version": "2", "ref": "11", "route": "bus", "to": "Polígono X", "type": "route", "website": "http://www.alesa-alsa.com/2017/PAGINAS/LINEAS/linea11.html", "wheelchair": "yes", "wikidata": "Q5985475", "wikipedia": "es:Línea 11 (ALESA)" } } ] }, "geometry": { "type": "Point", "coordinates": [ -5.5967815, 42.6265167 ] } },
{ "type": "Feature", "id": "node/7447014976", "properties": { "@id": "node/7447014976", "@relations": [ { "role": "platform", "rel": 11064550, "reltags": { "colour": "#FFE500", "from": "Polígono X", "name": "11: Polígono X → Eras de Renueva", "network": "Autobuses Urbanos de León", "network:wikidata": "Q18195802", "operator": "Autobuses Urbanos de León S.A.", "public_transport:version": "2", "ref": "11", "route": "bus", "to": "Eras de Renueva", "type": "route", "website": "http://www.alesa-alsa.com/2017/PAGINAS/LINEAS/linea11.html", "wheelchair": "yes", "wikidata": "Q5985475", "wikipedia": "es:Línea 11 (ALESA)" } } ], "name": "Ejército del Aire (Fte. 47)" }, "geometry": { "type": "Point", "coordinates": [ -5.5958708, 42.6194401 ] } },
{ "type": "Feature", "id": "node/7447015177", "properties": { "@id": "node/7447015177", "@relations": [ { "role": "platform", "rel": 11064549, "reltags": { "colour": "#FFE500", "from": "Eras de Renueva", "name": "11: Eras de Renueva → Polígono X", "network": "Autobuses Urbanos de León", "network:wikidata": "Q18195802", "operator": "Autobuses Urbanos de León S.A.", "public_transport:version": "2", "ref": "11", "route": "bus", "to": "Polígono X", "type": "route", "website": "http://www.alesa-alsa.com/2017/PAGINAS/LINEAS/linea11.html", "wheelchair": "yes", "wikidata": "Q5985475", "wikipedia": "es:Línea 11 (ALESA)" } }, { "role": "platform", "rel": 11086449, "reltags": { "colour": "#FFE500", "from": "San Cayetano", "name": "11: Eras de Renueva (San Cayetano) → Polígono X", "network": "Autobuses Urbanos de León", "network:wikidata": "Q18195802", "operator": "Autobuses Urbanos de León S.A.", "public_transport:version": "2", "ref": "11", "route": "bus", "to": "Polígono X", "type": "route", "website": "http://www.alesa-alsa.com/2017/PAGINAS/LINEAS/linea11.html", "wheelchair": "yes", "wikidata": "Q5985475", "wikipedia": "es:Línea 11 (ALESA)" } } ], "name": "Río Moro. 3" }, "geometry": { "type": "Point", "coordinates": [ -5.59042, 42.6153763 ] } },
{ "type": "Feature", "id": "node/7476558076", "properties": { "@id": "node/7476558076", "@relations": [ { "role": "platform", "rel": 11064549, "reltags": { "colour": "#FFE500", "from": "Eras de Renueva", "name": "11: Eras de Renueva → Polígono X", "network": "Autobuses Urbanos de León", "network:wikidata": "Q18195802", "operator": "Autobuses Urbanos de León S.A.", "public_transport:version": "2", "ref": "11", "route": "bus", "to": "Polígono X", "type": "route", "website": "http://www.alesa-alsa.com/2017/PAGINAS/LINEAS/linea11.html", "wheelchair": "yes", "wikidata": "Q5985475", "wikipedia": "es:Línea 11 (ALESA)" } }, { "role": "platform", "rel": 11086449, "reltags": { "colour": "#FFE500", "from": "San Cayetano", "name": "11: Eras de Renueva (San Cayetano) → Polígono X", "network": "Autobuses Urbanos de León", "network:wikidata": "Q18195802", "operator": "Autobuses Urbanos de León S.A.", "public_transport:version": "2", "ref": "11", "route": "bus", "to": "Polígono X", "type": "route", "website": "http://www.alesa-alsa.com/2017/PAGINAS/LINEAS/linea11.html", "wheelchair": "yes", "wikidata": "Q5985475", "wikipedia": "es:Línea 11 (ALESA)" } } ], "name": "Río Moruelo (Fte. 1)" }, "geometry": { "type": "Point", "coordinates": [ -5.5917654, 42.6201757 ] } },
{ "type": "Feature", "id": "node/7476558077", "properties": { "@id": "node/7476558077", "@relations": [ { "role": "platform", "rel": 11064549, "reltags": { "colour": "#FFE500", "from": "Eras de Renueva", "name": "11: Eras de Renueva → Polígono X", "network": "Autobuses Urbanos de León", "network:wikidata": "Q18195802", "operator": "Autobuses Urbanos de León S.A.", "public_transport:version": "2", "ref": "11", "route": "bus", "to": "Polígono X", "type": "route", "website": "http://www.alesa-alsa.com/2017/PAGINAS/LINEAS/linea11.html", "wheelchair": "yes", "wikidata": "Q5985475", "wikipedia": "es:Línea 11 (ALESA)" } }, { "role": "platform", "rel": 11086449, "reltags": { "colour": "#FFE500", "from": "San Cayetano", "name": "11: Eras de Renueva (San Cayetano) → Polígono X", "network": "Autobuses Urbanos de León", "network:wikidata": "Q18195802", "operator": "Autobuses Urbanos de León S.A.", "public_transport:version": "2", "ref": "11", "route": "bus", "to": "Polígono X", "type": "route", "website": "http://www.alesa-alsa.com/2017/PAGINAS/LINEAS/linea11.html", "wheelchair": "yes", "wikidata": "Q5985475", "wikipedia": "es:Línea 11 (ALESA)" } } ], "name": "Río Moruelo (Fte. 19)" }, "geometry": { "type": "Point", "coordinates": [ -5.5936295, 42.6191368 ] } },
{ "type": "Feature", "id": "node/7476558078", "properties": { "@id": "node/7476558078", "@relations": [ { "role": "platform", "rel": 11064549, "reltags": { "colour": "#FFE500", "from": "Eras de Renueva", "name": "11: Eras de Renueva → Polígono X", "network": "Autobuses Urbanos de León", "network:wikidata": "Q18195802", "operator": "Autobuses Urbanos de León S.A.", "public_transport:version": "2", "ref": "11", "route": "bus", "to": "Polígono X", "type": "route", "website": "http://www.alesa-alsa.com/2017/PAGINAS/LINEAS/linea11.html", "wheelchair": "yes", "wikidata": "Q5985475", "wikipedia": "es:Línea 11 (ALESA)" } }, { "role": "platform", "rel": 11086449, "reltags": { "colour": "#FFE500", "from": "San Cayetano", "name": "11: Eras de Renueva (San Cayetano) → Polígono X", "network": "Autobuses Urbanos de León", "network:wikidata": "Q18195802", "operator": "Autobuses Urbanos de León S.A.", "public_transport:version": "2", "ref": "11", "route": "bus", "to": "Polígono X", "type": "route", "website": "http://www.alesa-alsa.com/2017/PAGINAS/LINEAS/linea11.html", "wheelchair": "yes", "wikidata": "Q5985475", "wikipedia": "es:Línea 11 (ALESA)" } } ], "name": "Río Moro. 19" }, "geometry": { "type": "Point", "coordinates": [ -5.5924727, 42.6173593 ] } },
{ "type": "Feature", "id": "node/7476574694", "properties": { "@id": "node/7476574694", "@relations": [ { "role": "platform", "rel": 11064550, "reltags": { "colour": "#FFE500", "from": "Polígono X", "name": "11: Polígono X → Eras de Renueva", "network": "Autobuses Urbanos de León", "network:wikidata": "Q18195802", "operator": "Autobuses Urbanos de León S.A.", "public_transport:version": "2", "ref": "11", "route": "bus", "to": "Eras de Renueva", "type": "route", "website": "http://www.alesa-alsa.com/2017/PAGINAS/LINEAS/linea11.html", "wheelchair": "yes", "wikidata": "Q5985475", "wikipedia": "es:Línea 11 (ALESA)" } } ], "name": "Ejército del Aire. 12" }, "geometry": { "type": "Point", "coordinates": [ -5.5917003, 42.6150025 ] } },
{ "type": "Feature", "id": "node/7476574695", "properties": { "@id": "node/7476574695", "@relations": [ { "role": "platform", "rel": 11064550, "reltags": { "colour": "#FFE500", "from": "Polígono X", "name": "11: Polígono X → Eras de Renueva", "network": "Autobuses Urbanos de León", "network:wikidata": "Q18195802", "operator": "Autobuses Urbanos de León S.A.", "public_transport:version": "2", "ref": "11", "route": "bus", "to": "Eras de Renueva", "type": "route", "website": "http://www.alesa-alsa.com/2017/PAGINAS/LINEAS/linea11.html", "wheelchair": "yes", "wikidata": "Q5985475", "wikipedia": "es:Línea 11 (ALESA)" } } ], "name": "Ejército del Aire. 30" }, "geometry": { "type": "Point", "coordinates": [ -5.5934638, 42.6169012 ] } },
{ "type": "Feature", "id": "node/7476574696", "properties": { "@id": "node/7476574696", "@relations": [ { "role": "platform", "rel": 11064550, "reltags": { "colour": "#FFE500", "from": "Polígono X", "name": "11: Polígono X → Eras de Renueva", "network": "Autobuses Urbanos de León", "network:wikidata": "Q18195802", "operator": "Autobuses Urbanos de León S.A.", "public_transport:version": "2", "ref": "11", "route": "bus", "to": "Eras de Renueva", "type": "route", "website": "http://www.alesa-alsa.com/2017/PAGINAS/LINEAS/linea11.html", "wheelchair": "yes", "wikidata": "Q5985475", "wikipedia": "es:Línea 11 (ALESA)" } } ], "name": "Ejército del Aire. 70" }, "geometry": { "type": "Point", "coordinates": [ -5.5966718, 42.6207707 ] } },
{ "type": "Feature", "id": "node/11273274123", "properties": { "@id": "node/11273274123", "@relations": [ { "role": "stop", "rel": 11064550, "reltags": { "colour": "#FFE500", "from": "Polígono X", "name": "11: Polígono X → Eras de Renueva", "network": "Autobuses Urbanos de León", "network:wikidata": "Q18195802", "operator": "Autobuses Urbanos de León S.A.", "public_transport:version": "2", "ref": "11", "route": "bus", "to": "Eras de Renueva", "type": "route", "website": "http://www.alesa-alsa.com/2017/PAGINAS/LINEAS/linea11.html", "wheelchair": "yes", "wikidata": "Q5985475", "wikipedia": "es:Línea 11 (ALESA)" } } ] }, "geometry": { "type": "Point", "coordinates": [ -5.5917311, 42.6149839 ] } },
{ "type": "Feature", "id": "node/11273274124", "properties": { "@id": "node/11273274124", "@relations": [ { "role": "stop", "rel": 11064550, "reltags": { "colour": "#FFE500", "from": "Polígono X", "name": "11: Polígono X → Eras de Renueva", "network": "Autobuses Urbanos de León", "network:wikidata": "Q18195802", "operator": "Autobuses Urbanos de León S.A.", "public_transport:version": "2", "ref": "11", "route": "bus", "to": "Eras de Renueva", "type": "route", "website": "http://www.alesa-alsa.com/2017/PAGINAS/LINEAS/linea11.html", "wheelchair": "yes", "wikidata": "Q5985475", "wikipedia": "es:Línea 11 (ALESA)" } } ] }, "geometry": { "type": "Point", "coordinates": [ -5.5935695, 42.6169253 ] } },
{ "type": "Feature", "id": "node/11273274125", "properties": { "@id": "node/11273274125", "@relations": [ { "role": "stop", "rel": 11064550, "reltags": { "colour": "#FFE500", "from": "Polígono X", "name": "11: Polígono X → Eras de Renueva", "network": "Autobuses Urbanos de León", "network:wikidata": "Q18195802", "operator": "Autobuses Urbanos de León S.A.", "public_transport:version": "2", "ref": "11", "route": "bus", "to": "Eras de Renueva", "type": "route", "website": "http://www.alesa-alsa.com/2017/PAGINAS/LINEAS/linea11.html", "wheelchair": "yes", "wikidata": "Q5985475", "wikipedia": "es:Línea 11 (ALESA)" } } ] }, "geometry": { "type": "Point", "coordinates": [ -5.5958956, 42.619401 ] } },
{ "type": "Feature", "id": "node/11273274126", "properties": { "@id": "node/11273274126", "@relations": [ { "role": "stop", "rel": 11064550, "reltags": { "colour": "#FFE500", "from": "Polígono X", "name": "11: Polígono X → Eras de Renueva", "network": "Autobuses Urbanos de León", "network:wikidata": "Q18195802", "operator": "Autobuses Urbanos de León S.A.", "public_transport:version": "2", "ref": "11", "route": "bus", "to": "Eras de Renueva", "type": "route", "website": "http://www.alesa-alsa.com/2017/PAGINAS/LINEAS/linea11.html", "wheelchair": "yes", "wikidata": "Q5985475", "wikipedia": "es:Línea 11 (ALESA)" } } ] }, "geometry": { "type": "Point", "coordinates": [ -5.5967507, 42.6208263 ] } },
{ "type": "Feature", "id": "node/11276162416", "properties": { "@id": "node/11276162416", "@relations": [ { "role": "stop", "rel": 11064549, "reltags": { "colour": "#FFE500", "from": "Eras de Renueva", "name": "11: Eras de Renueva → Polígono X", "network": "Autobuses Urbanos de León", "network:wikidata": "Q18195802", "operator": "Autobuses Urbanos de León S.A.", "public_transport:version": "2", "ref": "11", "route": "bus", "to": "Polígono X", "type": "route", "website": "http://www.alesa-alsa.com/2017/PAGINAS/LINEAS/linea11.html", "wheelchair": "yes", "wikidata": "Q5985475", "wikipedia": "es:Línea 11 (ALESA)" } }, { "role": "stop", "rel": 11086449, "reltags": { "colour": "#FFE500", "from": "San Cayetano", "name": "11: Eras de Renueva (San Cayetano) → Polígono X", "network": "Autobuses Urbanos de León", "network:wikidata": "Q18195802", "operator": "Autobuses Urbanos de León S.A.", "public_transport:version": "2", "ref": "11", "route": "bus", "to": "Polígono X", "type": "route", "website": "http://www.alesa-alsa.com/2017/PAGINAS/LINEAS/linea11.html", "wheelchair": "yes", "wikidata": "Q5985475", "wikipedia": "es:Línea 11 (ALESA)" } } ] }, "geometry": { "type": "Point", "coordinates": [ -5.591792, 42.6201095 ] } },
{ "type": "Feature", "id": "node/11276162417", "properties": { "@id": "node/11276162417", "@relations": [ { "role": "stop", "rel": 11064549, "reltags": { "colour": "#FFE500", "from": "Eras de Renueva", "name": "11: Eras de Renueva → Polígono X", "network": "Autobuses Urbanos de León", "network:wikidata": "Q18195802", "operator": "Autobuses Urbanos de León S.A.", "public_transport:version": "2", "ref": "11", "route": "bus", "to": "Polígono X", "type": "route", "website": "http://www.alesa-alsa.com/2017/PAGINAS/LINEAS/linea11.html", "wheelchair": "yes", "wikidata": "Q5985475", "wikipedia": "es:Línea 11 (ALESA)" } }, { "role": "stop", "rel": 11086449, "reltags": { "colour": "#FFE500", "from": "San Cayetano", "name": "11: Eras de Renueva (San Cayetano) → Polígono X", "network": "Autobuses Urbanos de León", "network:wikidata": "Q18195802", "operator": "Autobuses Urbanos de León S.A.", "public_transport:version": "2", "ref": "11", "route": "bus", "to": "Polígono X", "type": "route", "website": "http://www.alesa-alsa.com/2017/PAGINAS/LINEAS/linea11.html", "wheelchair": "yes", "wikidata": "Q5985475", "wikipedia": "es:Línea 11 (ALESA)" } } ] }, "geometry": { "type": "Point", "coordinates": [ -5.5935479, 42.6191122 ] } },
{ "type": "Feature", "id": "node/11276162418", "properties": { "@id": "node/11276162418", "@relations": [ { "role": "stop", "rel": 11064549, "reltags": { "colour": "#FFE500", "from": "Eras de Renueva", "name": "11: Eras de Renueva → Polígono X", "network": "Autobuses Urbanos de León", "network:wikidata": "Q18195802", "operator": "Autobuses Urbanos de León S.A.", "public_transport:version": "2", "ref": "11", "route": "bus", "to": "Polígono X", "type": "route", "website": "http://www.alesa-alsa.com/2017/PAGINAS/LINEAS/linea11.html", "wheelchair": "yes", "wikidata": "Q5985475", "wikipedia": "es:Línea 11 (ALESA)" } }, { "role": "stop", "rel": 11086449, "reltags": { "colour": "#FFE500", "from": "San Cayetano", "name": "11: Eras de Renueva (San Cayetano) → Polígono X", "network": "Autobuses Urbanos de León", "network:wikidata": "Q18195802", "operator": "Autobuses Urbanos de León S.A.", "public_transport:version": "2", "ref": "11", "route": "bus", "to": "Polígono X", "type": "route", "website": "http://www.alesa-alsa.com/2017/PAGINAS/LINEAS/linea11.html", "wheelchair": "yes", "wikidata": "Q5985475", "wikipedia": "es:Línea 11 (ALESA)" } } ] }, "geometry": { "type": "Point", "coordinates": [ -5.592361, 42.6173333 ] } },
{ "type": "Feature", "id": "node/11276162419", "properties": { "@id": "node/11276162419", "@relations": [ { "role": "stop", "rel": 11064549, "reltags": { "colour": "#FFE500", "from": "Eras de Renueva", "name": "11: Eras de Renueva → Polígono X", "network": "Autobuses Urbanos de León", "network:wikidata": "Q18195802", "operator": "Autobuses Urbanos de León S.A.", "public_transport:version": "2", "ref": "11", "route": "bus", "to": "Polígono X", "type": "route", "website": "http://www.alesa-alsa.com/2017/PAGINAS/LINEAS/linea11.html", "wheelchair": "yes", "wikidata": "Q5985475", "wikipedia": "es:Línea 11 (ALESA)" } }, { "role": "stop", "rel": 11086449, "reltags": { "colour": "#FFE500", "from": "San Cayetano", "name": "11: Eras de Renueva (San Cayetano) → Polígono X", "network": "Autobuses Urbanos de León", "network:wikidata": "Q18195802", "operator": "Autobuses Urbanos de León S.A.", "public_transport:version": "2", "ref": "11", "route": "bus", "to": "Polígono X", "type": "route", "website": "http://www.alesa-alsa.com/2017/PAGINAS/LINEAS/linea11.html", "wheelchair": "yes", "wikidata": "Q5985475", "wikipedia": "es:Línea 11 (ALESA)" } } ] }, "geometry": { "type": "Point", "coordinates": [ -5.5903625, 42.615407 ] } },
{ "type": "Feature", "id": "node/7447015043", "properties": { "@id": "node/7447015043", "@relations": [ { "role": "platform", "rel": 11064549, "reltags": { "colour": "#FFE500", "from": "Eras de Renueva", "name": "11: Eras de Renueva → Polígono X", "network": "Autobuses Urbanos de León", "network:wikidata": "Q18195802", "operator": "Autobuses Urbanos de León S.A.", "public_transport:version": "2", "ref": "11", "route": "bus", "to": "Polígono X", "type": "route", "website": "http://www.alesa-alsa.com/2017/PAGINAS/LINEAS/linea11.html", "wheelchair": "yes", "wikidata": "Q5985475", "wikipedia": "es:Línea 11 (ALESA)" } }, { "role": "platform", "rel": 11064550, "reltags": { "colour": "#FFE500", "from": "Polígono X", "name": "11: Polígono X → Eras de Renueva", "network": "Autobuses Urbanos de León", "network:wikidata": "Q18195802", "operator": "Autobuses Urbanos de León S.A.", "public_transport:version": "2", "ref": "11", "route": "bus", "to": "Eras de Renueva", "type": "route", "website": "http://www.alesa-alsa.com/2017/PAGINAS/LINEAS/linea11.html", "wheelchair": "yes", "wikidata": "Q5985475", "wikipedia": "es:Línea 11 (ALESA)" } }, { "role": "platform", "rel": 11086449, "reltags": { "colour": "#FFE500", "from": "San Cayetano", "name": "11: Eras de Renueva (San Cayetano) → Polígono X", "network": "Autobuses Urbanos de León", "network:wikidata": "Q18195802", "operator": "Autobuses Urbanos de León S.A.", "public_transport:version": "2", "ref": "11", "route": "bus", "to": "Polígono X", "type": "route", "website": "http://www.alesa-alsa.com/2017/PAGINAS/LINEAS/linea11.html", "wheelchair": "yes", "wikidata": "Q5985475", "wikipedia": "es:Línea 11 (ALESA)" } } ], "name": "Unicef (Esq. Cr. Carb.)" }, "geometry": { "type": "Point", "coordinates": [ -5.5943485, 42.6222751 ] } },
{ "type": "Feature", "id": "node/7476558074", "properties": { "@id": "node/7476558074", "@relations": [ { "role": "platform", "rel": 11064549, "reltags": { "colour": "#FFE500", "from": "Eras de Renueva", "name": "11: Eras de Renueva → Polígono X", "network": "Autobuses Urbanos de León", "network:wikidata": "Q18195802", "operator": "Autobuses Urbanos de León S.A.", "public_transport:version": "2", "ref": "11", "route": "bus", "to": "Polígono X", "type": "route", "website": "http://www.alesa-alsa.com/2017/PAGINAS/LINEAS/linea11.html", "wheelchair": "yes", "wikidata": "Q5985475", "wikipedia": "es:Línea 11 (ALESA)" } }, { "role": "platform", "rel": 11086449, "reltags": { "colour": "#FFE500", "from": "San Cayetano", "name": "11: Eras de Renueva (San Cayetano) → Polígono X", "network": "Autobuses Urbanos de León", "network:wikidata": "Q18195802", "operator": "Autobuses Urbanos de León S.A.", "public_transport:version": "2", "ref": "11", "route": "bus", "to": "Polígono X", "type": "route", "website": "http://www.alesa-alsa.com/2017/PAGINAS/LINEAS/linea11.html", "wheelchair": "yes", "wikidata": "Q5985475", "wikipedia": "es:Línea 11 (ALESA)" } } ], "name": "Cr. Carbajal (Esq. R. Cueza)" }, "geometry": { "type": "Point", "coordinates": [ -5.5931175, 42.621677 ] } },
{ "type": "Feature", "id": "node/11240955133", "properties": { "@id": "node/11240955133", "@relations": [ { "role": "stop", "rel": 11064549, "reltags": { "colour": "#FFE500", "from": "Eras de Renueva", "name": "11: Eras de Renueva → Polígono X", "network": "Autobuses Urbanos de León", "network:wikidata": "Q18195802", "operator": "Autobuses Urbanos de León S.A.", "public_transport:version": "2", "ref": "11", "route": "bus", "to": "Polígono X", "type": "route", "website": "http://www.alesa-alsa.com/2017/PAGINAS/LINEAS/linea11.html", "wheelchair": "yes", "wikidata": "Q5985475", "wikipedia": "es:Línea 11 (ALESA)" } }, { "role": "stop", "rel": 11064550, "reltags": { "colour": "#FFE500", "from": "Polígono X", "name": "11: Polígono X → Eras de Renueva", "network": "Autobuses Urbanos de León", "network:wikidata": "Q18195802", "operator": "Autobuses Urbanos de León S.A.", "public_transport:version": "2", "ref": "11", "route": "bus", "to": "Eras de Renueva", "type": "route", "website": "http://www.alesa-alsa.com/2017/PAGINAS/LINEAS/linea11.html", "wheelchair": "yes", "wikidata": "Q5985475", "wikipedia": "es:Línea 11 (ALESA)" } }, { "role": "stop", "rel": 11086449, "reltags": { "colour": "#FFE500", "from": "San Cayetano", "name": "11: Eras de Renueva (San Cayetano) → Polígono X", "network": "Autobuses Urbanos de León", "network:wikidata": "Q18195802", "operator": "Autobuses Urbanos de León S.A.", "public_transport:version": "2", "ref": "11", "route": "bus", "to": "Polígono X", "type": "route", "website": "http://www.alesa-alsa.com/2017/PAGINAS/LINEAS/linea11.html", "wheelchair": "yes", "wikidata": "Q5985475", "wikipedia": "es:Línea 11 (ALESA)" } } ] }, "geometry": { "type": "Point", "coordinates": [ -5.5943077, 42.6223808 ] } },
{ "type": "Feature", "id": "node/11278292549", "properties": { "@id": "node/11278292549", "@relations": [ { "role": "stop", "rel": 11064549, "reltags": { "colour": "#FFE500", "from": "Eras de Renueva", "name": "11: Eras de Renueva → Polígono X", "network": "Autobuses Urbanos de León", "network:wikidata": "Q18195802", "operator": "Autobuses Urbanos de León S.A.", "public_transport:version": "2", "ref": "11", "route": "bus", "to": "Polígono X", "type": "route", "website": "http://www.alesa-alsa.com/2017/PAGINAS/LINEAS/linea11.html", "wheelchair": "yes", "wikidata": "Q5985475", "wikipedia": "es:Línea 11 (ALESA)" } }, { "role": "stop", "rel": 11086449, "reltags": { "colour": "#FFE500", "from": "San Cayetano", "name": "11: Eras de Renueva (San Cayetano) → Polígono X", "network": "Autobuses Urbanos de León", "network:wikidata": "Q18195802", "operator": "Autobuses Urbanos de León S.A.", "public_transport:version": "2", "ref": "11", "route": "bus", "to": "Polígono X", "type": "route", "website": "http://www.alesa-alsa.com/2017/PAGINAS/LINEAS/linea11.html", "wheelchair": "yes", "wikidata": "Q5985475", "wikipedia": "es:Línea 11 (ALESA)" } } ] }, "geometry": { "type": "Point", "coordinates": [ -5.5929943, 42.6217067 ] } }
]
}
